;;;;;;;;;;;;;;;;;;;; R$ 16.180.194,36 ;;
Coluna1;TOP;HEXING;Coluna3;Coluna4;Coluna5;Coluna6;Coluna7;Coluna8;Coluna9;Coluna10;Coluna11;Coluna12;Saldo Estoque;Coluna14;Coluna15;Coluna16;Coluna17;Coluna18;Coluna19;Coluna20;Coluna21;
;105589;A0070230E1EHR11002;;;;CARREGADOR VE LIVOLTEK CA ACE 7,3KW 220VAC CABO 5M BLUETOOTH WI-FI(FC41D) ETHERNET CABO TIPO 2;;2;Un;;2137;1336;671;;;;;3886547,1;2273608,29; R$ 1.612.938,81 ; R$ 2.013,66 ;
;106171;GT1 7-10KW;;;;INVERSOR GT1 7-10KW 220/230/240V IEC with Wi-Fi/ SPD II/CT/AC APS;;2;Un;;2793;2188;100;;;;;9300136,03;7584527,44; R$ 1.715.608,59 ; R$ 2.835,72 ;
;109097;GT3-75KL11R11002;;;;INVERSOR ON-GRID TRIFASICO 75KW 220V 6 MPPT AFCI - GT3-75KL11-2;;2;Un;;195;;195;;;;;2185882,74;; R$ 2.185.882,74 ; R$ 11.209,66 ;
;108251;GT3-50KL11R11002;;;;Inversor GT3-50KL11R11002 - Trifásico On Grid - 50kW, 220/240 Vca.;;2;Un;;158;;158;;;;;1801130,75;; R$ 1.801.130,75 ; R$ 11.399,56 ;
;108230;GT3-60KL11R11002;;;;Inversor GT3-60KL11R11002 - Trifásico On Grid - 60kW, 220Vca V;;2;Un;;149;;175;;;;;1688696,61;; R$ 1.688.696,61 ; R$ 11.333,53 ;
;108590;GT1-7K5T2R11002;;;;Inversores para sistemas fotovoltaicos. (GT1-7K5T2R11002);;2;Un;;144;;144;;;;;222276,28;; R$ 222.276,28 ; R$ 1.543,59 ;
;108223;GT3-50KQ1R11002;;;;Inversor GT3-50KQ1R11002 - Trifásico On Grid -  50KW, 380/400Vac,  4MPPT, IEC, com WIFI/AFCI.;;2;Un;;143;;143;;;;;872728,82;; R$ 872.728,82 ; R$ 6.103,00 ;
;103947;GT1-10KT2R11004;;;;Inversores para sistemas fotovoltaicos. (GT1-10KT2R11004);;2;Un;;138;;138;;;;;142221,31;; R$ 142.221,31 ; R$ 1.030,59 ;
;108243;GT3-60KQ1R11002;;;;Inversor GT3-60KQ1R11002 - Trifásico On Grid -  60KW, 380/400Vac,  4MPPT IEC, com WIFI/AFCI.;;2;Un;;84;;79;;;;;484187,68;; R$ 484.187,68 ; R$ 5.764,14 ;
;104887;GT3-125K-1R11002;;;;INVERSOR ON-GRID TRIFASICO GT3 -125K-1 380V AFCI;;2;Un;;75;;75;;;;;921006,72;; R$ 921.006,72 ; R$ 12.280,09 ;
95918;109095;GT3-37K5Q1R11002;;;;INVERSOR TRIFASICO 380V ON-GRID GT3-37K5Q AFCI;;2;Un;;71;;71;;;;;482396,38;; R$ 482.396,38 ; R$ 6.794,32 ;
105006;108250;GT3-37K5T1R11002;;;;Inversor GT3-37K5T1R11002 - Trifásico On Grid - 37,5 kW, 380/400Vca.;;2;Un;;71;;71;;;;;520330,16;; R$ 520.330,16 ; R$ 7.328,59 ;
106543;108227;GT3-75K-11R11002;;;;Inversor GT3-75K-11R11002 -Trifásico On grid - 75Kw - 380V CA;;2;Un;;61;;61;;;;;711535,17;; R$ 711.535,17 ; R$ 11.664,51 ;
;104109;GT3-20KD1R11008;;;;Inversores para sistemas fotovoltaicos. (GT3-20KD1R11008);;2;Un;;103;45;58;;;;;376916,65;169557,25; R$ 207.359,40 ; R$ 3.575,16 ;
;108236;GT3-15KDL1R11002;;;;Inversor GT3-15KDL1R11002 - Trifásico On Grid - 15kW, 220Vca.;;2;Un;;48;;48;;;;;329446,74;; R$ 329.446,74 ; R$ 6.863,47 ;
;108588;GT3-25KD1R11006;;;;INVERSORES PARA SISTEMAS FOTOVOLTAICOS (GT3-25KD1R11006);;2;Un;;40;;40;;;;;131502,89;; R$ 131.502,89 ; R$ 3.287,57 ;
;103945;GT3-25KD1R11008;;;;Inversores para sistemas fotovoltaicos. (GT3-25KD1R11008);;2;Un;;75;35;44;;;;;283258,15;139224,93; R$ 144.033,22 ; R$ 3.600,83 ;
;109099;GT3-20KD1R11006;;;;INVERSORES PARA SISTEMAS FOTOVOLTAICOS (GT3-20KD1R11006);;2;Un;;28;;41;;;;;93308,29;; R$ 93.308,29 ; R$ 3.332,44 ;
;108237;GT3-20KDL1R11002;;;;Inversor GT3-20KDL1R11002 - Trifásico On Grid - 20kW, 127/220Vca.;;2;Un;;84;63;21;;;;;770826,56;578119,92; R$ 192.706,64 ; R$ 9.176,51 ;
;108245;LHE34DRR11001;;;;Medidor de Energia Smart Meter LHE34DRR11001 - Trifásico - (80)A - HeXing G2.;;2;Un;;42;21;21;;;;;4146,8;2073,4; R$ 2.073,40 ; R$ 98,73 ;
;108236;GT3-15KDL1R11002;;;;Inversor GT3-15KDL1R11002 - Trifásico On Grid - 15kW, 220Vca.;;2;Un;;80;60;20;;;;;685653,08;514239,81; R$ 171.413,27 ; R$ 8.570,66 ;
;109096;GT3-30KT1R11002;;;;INVERSOR FOTOVOLTAICO, INVERSOR ON-GRID TRIFASICO 30KW 380V 3 MPPT GT3-30KT1R11002;;2;Un;;20;;20;;;;;133571,92;; R$ 133.571,92 ; R$ 6.678,60 ;
;108539;GT3-20KTL1R11002;;;;INVERSOR TRIFASICO 220V ON-GRID GT3-20KTL1 AFCI;;2;Un;;18;;18;;;;;100434,04;; R$ 100.434,04 ; R$ 5.579,67 ;
;108470;LHE12DRR12001LHE12DR;;;;Medidor de Energia contador de eletricidade digital Monofasico para corrente alternada, smart meter;;2;Un;;34;17;17;;;;;10870,74;5435,37; R$ 5.435,37 ; R$ 319,73 ;
;104886;GT3-110K-1R11002;;;;INVERSOR ON-GRID TRIFASICO GT3 -110K-1 380V AFCI;;2;Un;;17;;17;;;;;207391,82;; R$ 207.391,82 ; R$ 12.199,52 ;
;108257;GT3-100K-1R11002;;;;Inversor GT3-100K-1R11002 - Trifásico On Grid - 100kW,  380Vac, IEC, com Wi-Fi/AFCI.;;2;Un;;16;;16;;;;;195130,61;; R$ 195.130,61 ; R$ 12.195,66 ;
;108227;GT3-75K-11R11002;;;;Inversor GT3-75K-11R11002 -Trifásico On grid - 75Kw - 380V CA;;2;Un;;64;48;16;;;;;789906,95;592430,19; R$ 197.476,76 ; R$ 12.342,30 ;
;104110;LHE12DRR11001;;;;Medidor de Energia  (contador de eletricidade) - LHE12DRR11001;;2;Un;;28;14;14;;;;;1666,26;833,13; R$ 833,13 ; R$ 59,51 ;
;104885;GT3-100K-1R11002;;;;INVERSOR ON-GRID TRIFASICO GT3 -100K-1 380V AFCI;;2;Un;;40;30;10;;;;;532014,48;399010,86; R$ 133.003,62 ; R$ 13.300,36 ;
;108238;GT3-25KDL1R11002;;;;Inversor GT3-25KDL1R11002 - Trifásico On Grid - 25kW, 127/220Vca.;;2;Un;;40;30;10;;;;;329121,12;246840,84; R$ 82.280,28 ; R$ 8.228,03 ;
;104886;GT3-110K-1R11002;;;;INVERSOR ON-GRID TRIFASICO GT3 -110K-1 380V AFCI;;2;Un;;32;24;8;;;;;425611,56;319208,67; R$ 106.402,89 ; R$ 13.300,36 ;
;95919;GT3-20KD1R11001;;;;Inversor fotovoltaico modelo GT3-20KD1;;2;Un;;8;;8;;;;;17368,22;; R$ 17.368,22 ; R$ 2.171,03 ;
;95930;GT1-8KT1R11001;;;;Inversor fotovoltaico modelo GT1-8KT1;;2;Un;;7;;7;;;;;11047,42;; R$ 11.047,42 ; R$ 1.578,20 ;
;108239;GT3-30KTL1R11002;;;;Inversor GT3-30KTL1R11002 - Trifásico On Grid - 30kW, 220Vca.;;2;Un;;24;18;6;;;;;206043,16;154532,37; R$ 51.510,79 ; R$ 8.585,13 ;
;108316;LHE12DRR12001;;;;Medidor de Energia Trifásico para corrente alternada, smart meter digital modelo  LHE12DR 230V 120A;;2;Un;;12;6;6;;;;;1707,32;853,66; R$ 853,66 ; R$ 142,28 ;
;104887;GT3-125K-1R11002;;;;INVERSOR ON-GRID TRIFASICO GT3 -125K-1 380V AFCI;;2;Un;;16;12;4;;;;;239604;179703; R$ 59.901,00 ; R$ 14.975,25 ;
;104108;GT3-15KD1R11008;;;;Inversores para sistemas fotovoltaicos. (GT3-15KD1R11008);;2;Un;;82;78;4;;;;;268277,08;255125,62; R$ 13.151,46 ; R$ 3.287,87 ;
;108223;GT3-50KQ1R11002;;;;Inversor GT3-50KQ1R11002 - Trifásico On Grid -  50KW, 380/400Vac,  4MPPT, IEC, com WIFI/AFCI.;;2;Un;;16;12;4;;;;;103106,72;77330,04; R$ 25.776,68 ; R$ 6.444,17 ;
;108230;GT3-60KL11R11002;;;;Inversor GT3-60KL11R11002 - Trifásico On Grid - 60kW, 220Vca V;;2;Un;;16;12;4;;;;;197168,08;147876,06; R$ 49.292,02 ; R$ 12.323,01 ;
;108317;LHE34DRR12001;;;;Medidor de Energia Trifásico para corrente alternada, smart meter digital modelo LHE34DR 220/380V 12;;2;Un;;8;4;4;;;;;1538,4;769,2; R$ 769,20 ; R$ 192,30 ;
;105604;GT1-8KT2R11004;;;;INVERSOR ON-GRID MONOFÁSICO 8KW 220V 3MPPT GT1-8KT2R11004;;2;Un;;202;199;3;;;;;711229,92;696923,44; R$ 14.306,48 ; R$ 4.768,83 ;
;108586;GT3-15KTL1R11002;;;;INVERSOR TRIFASICO 220V ON-GRID GT3-15KTL1 AFCI;;2;Un;;3;;3;;;;;16590,66;; R$ 16.590,66 ; R$ 5.530,22 ;
;108234;GT3-30KD1R11002;;;;Inversor GT3-30KD1R11002 - Trifásico On Grid - 30kW, 220/380Vca, 230/400Vca e/ou 240/415Vac.;;2;Un;;20;17;3;;;;;178274,56;151533,37; R$ 26.741,19 ; R$ 8.913,73 ;
;95918;GT1-6KD1R11001;;;;Inversor fotovoltaico modelo GT1-6KD1;;2;Un;;2;;2;;;;;5065,63;; R$ 5.065,63 ; R$ 2.532,82 ;
;108234;GT3-30KD1R11002;;;;Inversor GT3-30KD1R11002 - Trifásico On Grid - 30kW, 220/380Vca, 230/400Vca e/ou 240/415Vac.;;2;Un;;2;;2;;;;;7435,41;; R$ 7.435,41 ; R$ 3.717,71 ;
;109101;GT3-30KQL1R11002;;;;INVERSOR ON-GRID TRIFASICO 30KW - GT3-30KQL1R11002;;2;Un;;2;;2;;;;;13588,63;; R$ 13.588,63 ; R$ 6.794,32 ;
;108250;GT3-37K5T1R11002;;;;Inversor GT3-37K5T1R11002 - Trifásico On Grid - 37,5 kW, 380/400Vca.;;2;Un;;8;6;2;;;;;35428,84;26571,63; R$ 8.857,21 ; R$ 4.428,61 ;
;108251;GT3-50KL11R11002;;;;Inversor GT3-50KL11R11002 - Trifásico On Grid - 50kW, 220/240 Vca.;;2;Un;;26;24;2;;;;;314588,21;290389,12; R$ 24.199,09 ; R$ 12.099,55 ;
;109100;GT1-6KD2R11008;;;;INVERSOR FOTOVOLTAICO, INVERSOR ON-GRID MONOFASICO 6KW 220V 2 MPPT GT1-6KD2R11008;;2;Un;;1;;1;;;;;2001,61;; R$ 2.001,61 ; R$ 2.001,61 ;
;108589;GT3-60KQ1R11001;;;;INVERSOR TRIFASICO ON-GRID GT3-60KQ1 (GT3-60KQ1R11001);;2;Un;;1;;1;;;;;12192,77;; R$ 12.192,77 ; R$ 12.192,77 ;
;108243;GT3-60KQ1R11002;;;;Inversor GT3-60KQ1R11002 - Trifásico On Grid -  60KW, 380/400Vac,  4MPPT IEC, com WIFI/AFCI.;;2;Un;;16;12;0;;;;;99203,68;74402,76; R$ 24.800,92 ; R$ 6.200,23 ;
