CODIGO,TP,GRUPO,DESCRICAO,U.M.,FL,ARMZ, SALDO EM ESTOQUE , EMPENHO PARA REQ/PV/RESERVA , ESTOQUE DISPONIVEL ,VALOR EM ESTOQUE,VALOR EMPENHADO,DESCRICAO DO ARMAZEM,CÓDIGO TOP MANAGER,Armazém Dashboard,Categoria,Família,Nomenclatura
9121500218,RV,RV01,CABO FOTOVOLTAICO VERMELHO: 6MM2 COOPER + ESTANHADO,MT,10108,7,  55.634 , - ,  55.634 ,"R$ 191.597,93",-,LIVOLTEK - VENDAS,,Curitiba (Eletra),PRODUTO,KIT SOLAR - CABO,CABO FOTOVOLTAICO VERMELHO: 6MM2
9121500219,RV,RV01,CABO FOTOVOLTAICO PRETO: 6MM2 COOPER + ESTANHADO,MT,10108,7,  55.634 , - ,  55.634 ,"R$ 191.597,93",-,LIVOLTEK - VENDAS,,Curitiba (Eletra),PRODUTO,KIT SOLAR - CABO,CABO FOTOVOLTAICO PRETO: 6MM2
3012002410,MC,PV01,PARTE DO CARREGADOR MOTION FAST DC; DISJUNTOR DE CORRENTE RESIDUAL CAIXA MOLDADA TRIPOLAR; 250A; 30MA; TIPO A,PC,10108,7,  21 , - ,  21 ,"R$ 18.982,91",-,LIVOLTEK - VENDAS,,Curitiba (Eletra),PRODUTO,DIVERSOS,PARTE DO CARREGADOR MOTION FAST DC; DISJUNTOR DE CORRENTE RESIDUAL CAIXA MOLDADA TRIPOLAR; 250A; 30MA; TIPO A
C03010E1EAFDR11003,RV,RV01,CARREGADOR VE LIVOLTEK CC MOTION COMPACT 30 KW; 400VAC;CABO 5M; 100 A; RFID; ETHERNET; 4G; CABO 1XCCS2,PC,10108,7,  12 , - ,  12 ,"R$ 178.527,43",-,LIVOLTEK - VENDAS,,Curitiba (Eletra),PRODUTO,CARREGADOR 30kW,CARREGADOR CC MOTION COMPACT 30 KW
C06010E2EAFGR11003,MC,RV01,CARREGADOR VEICULAR | LIVOLTEK | CC 60KW | MC | 200A | 2XCCS2 | WALL-MOUNT | 4G (LATAM) | PPOS,PC,10108,7,  9 , - ,  9 ,"R$ 253.631,30",-,LIVOLTEK - VENDAS,,Curitiba (Eletra),PRODUTO,CARREGADOR 40kW,CARREGADOR VEICULAR | LIVOLTEK | CC 60KW | MC | 200A | 2XCCS2 | WALL-MOUNT | 4G (LATAM) | PPOS
M16010E2GYGHR11001,RV,RV01,CARREGADOR VEICULAR | CC 160KW | MSF | 300A | 2XGB/T | RFID | ETH | 4G | LIVOLTEK,PC,10108,7,  1 , - ,  1 ,"R$ 49.325,09",-,LIVOLTEK - VENDAS,,Curitiba (Eletra),PRODUTO,CARREGADOR 160kW,CARREGADOR VEICULAR | CC 160KW | MSF | 300A | 2XGB/T | RFID | ETH | 4G | LIVOLTEK
M18010E2EYFIR11003,MC,RV01,CARREGADOR VEICULAR | LIVOLTEK | CC 180KW | MF | 300A | 2XCCS2 | GESTAO DE CABOS | 4G (LATAM) | PPOS | ACE30,PC,10108,7,  28 , - ,  28 ,"R$ 2.148.702,14",-,LIVOLTEK - VENDAS,,Curitiba (Eletra),PRODUTO,CARREGADOR 180kW,CARREGADOR VEICULAR | LIVOLTEK | CC 180KW | MF | 300A | 2XCCS2 | GESTAO DE CABOS | 4G (LATAM) | PPOS | ACE30
M24010E2EYGIR11003,MC,RV01,CARREGADOR VEICULAR | LIVOLTEK | CC 30KW | MC | 100A | 1XCCS2 | WALL-MOUNT | 4G (LATAM) | PPOS,PC,10108,7,  17 , - ,  17 ,"R$ 1.784.763,75",-,LIVOLTEK - VENDAS,,Curitiba (Eletra),PRODUTO,CARREGADOR 240kW,CARREGADOR VEICULAR | LIVOLTEK | CC 30KW | MC | 100A | 1XCCS2 | WALL-MOUNT | 4G (LATAM) | PPOS
2080501810,MP,MP08,MODULO DE COMUNICACAO RFID MT626,UN,10108,7,  4 , - ,  4 ,"R$ 119,35",-,LIVOLTEK - VENDAS,,Curitiba (Eletra),PRODUTO,CARREGADOR - MÓDULO,MODULO DE COMUNICACAO RFID MT626
2080703060,MP,MP08,FONTE CHAVEADA (CONVERSOR ESTATICO) PARA CONVERSAO DE CORRENTE ALTERNADA EM CC. DC;AC/DC DC24V:5A(2080703060),UN,10108,7,  8 , - ,  8 ,"R$ 821,87",-,LIVOLTEK - VENDAS,,Curitiba (Eletra),,DIVERSOS,FONTE CHAVEADA (CONVERSOR ESTATICO) PARA CONVERSAO DE CORRENTE ALTERNADA EM CC. DC;AC/DC DC24V:5A(2080703060)
2080703070,MP,MP08,FONTE CHAVEADA (CONVERSOR ESTATICO) PARA CONVERSAO DE CORRENTE ALTERNADA EM CC; AC/DC DC12V:12.5A(2080703070),UN,10108,7,  4 , - ,  4 ,"R$ 295,15",-,LIVOLTEK - VENDAS,,Curitiba (Eletra),,DIVERSOS,FONTE CHAVEADA (CONVERSOR ESTATICO) PARA CONVERSAO DE CORRENTE ALTERNADA EM CC; AC/DC DC12V:12.5A(2080703070)
2080703080,MP,MP08,FONTE CHAVEADA (CONVERSOR ESTATICO) PARA CONVERSAO DE CORRENTE ALTERNADA EM CC;AC/DC DC24V:6.3A(2080703080),UN,10108,7,  4 , - ,  4 ,"R$ 349,13",-,LIVOLTEK - VENDAS,,Curitiba (Eletra),,DIVERSOS,FONTE CHAVEADA (CONVERSOR ESTATICO) PARA CONVERSAO DE CORRENTE ALTERNADA EM CC;AC/DC DC24V:6.3A(2080703080)
2080900460,MP,MP08,DISPOSITIVO MICROCONTROLADOR TCU PCB;THE CONTROL SCREEN DISPLAYS AND CONNECTS TO THE OCPP PLATFORM;185MM*141MM*30MM;ROHS,UN,10108,7,  1 , - ,  1 ,"R$ 1.344,97",-,LIVOLTEK - VENDAS,,Curitiba (Eletra),,DIVERSOS,DISPOSITIVO MICROCONTROLADOR TCU PCB;THE CONTROL SCREEN DISPLAYS AND CONNECTS TO THE OCPP PLATFORM;185MM*141MM*30MM;ROHS
2090700481,MP,MP07,"INTERRUPTOR, CHAVE FIM DE CURSO PARA UMA TENSAO NAO SUPERIOR A 1000V; 4.8MM±0.38MM;58.8*33*17.5MM",UN,10108,7,  12 , - ,  12 ,"R$ 78,45",-,LIVOLTEK - VENDAS,,Curitiba (Eletra),,DIVERSOS,"INTERRUPTOR, CHAVE FIM DE CURSO PARA UMA TENSAO NAO SUPERIOR A 1000V; 4.8MM±0.38MM;58.8*33*17.5MM"
2120500010,MP,MP08,PAINEL INDICADOR COM DISPOSITIVOS DE CRISTAIS LIQUIDOS (LCD); DC12V;-20-+70?;1280*800;/;LVDS(18 BITS);308*228*45.8MM,UN,10108,7,  4 , - ,  4 ,"R$ 3.372,37",-,LIVOLTEK - VENDAS,,Curitiba (Eletra),,DIVERSOS,PAINEL INDICADOR COM DISPOSITIVOS DE CRISTAIS LIQUIDOS (LCD); DC12V;-20-+70?;1280*800;/;LVDS(18 BITS);308*228*45.8MM
2140103890,MP,MP08,ANTENA DE COMUNICACAO 4G: SMA WIFI: WIFI: 2.5DBI 4G: 4.5DBI;50O;F46*26MM;2000±30MM;F46*2000MM; ROHS,UN,10108,7,  4 , - ,  4 ,"R$ 31,93",-,LIVOLTEK - VENDAS,,Curitiba (Eletra),PRODUTO,DIVERSOS,ANTENA DE COMUNICACAO 4G: SMA WIFI: WIFI: 2.5DBI 4G: 4.5DBI;50O;F46*26MM;2000±30MM;F46*2000MM; ROHS
2140104000,RV,RV01,ANTENA PARA MODULO DE COMUNICACAO WIFI (2140104000),UN,10108,7,  83 , - ,  83 ,"R$ 234,66",-,LIVOLTEK - VENDAS,,Curitiba (Eletra),,DIVERSOS,ANTENA PARA MODULO DE COMUNICACAO WIFI (2140104000)
2140104220,RV,RV01,"ANTENA WIFI 2.4GHZ, >3DBI, 50OHMS, 32.5MM, 290±5MM, 32.5*9.5*0.2MM, ROHS, -45~+85 GRAUS CELSIUS",UN,10108,7,  1.503 , - ,  1.503 ,"R$ 2.332,21",-,LIVOLTEK - VENDAS,,Curitiba (Eletra),,DIVERSOS,"ANTENA WIFI 2.4GHZ, >3DBI, 50OHMS, 32.5MM, 290±5MM, 32.5*9.5*0.2MM, ROHS, -45~+85 GRAUS CELSIUS"
3010315200,MP,MP08,RELE PARA UMA TENSAO DE ATE 12V DC; 10A;CZT08A-02+NG102;ROHS (3010315200),UN,10108,7,  16 , - ,  16 ,"R$ 179,24",-,LIVOLTEK - VENDAS,,Curitiba (Eletra),,DIVERSOS,RELE PARA UMA TENSAO DE ATE 12V DC; 10A;CZT08A-02+NG102;ROHS (3010315200)
3010913120,MP,MP09,DISJUNTOR DIN ;40A;3P;6KA;CDB6I;ROHS.(3010913120),UN,10108,7,  4 , - ,  4 ,"R$ 71,47",-,LIVOLTEK - VENDAS,,Curitiba (Eletra),,DIVERSOS,DISJUNTOR DIN ;40A;3P;6KA;CDB6I;ROHS.(3010913120)
3010913140,MP,MP09,"DISJUNTOR DIN; 16A;1P+N;6,10KA;CDB6HLES-63;ROHS (3010913140)",UN,10108,7,  4 , - ,  4 ,"R$ 77,39",-,LIVOLTEK - VENDAS,,Curitiba (Eletra),,DIVERSOS,"DISJUNTOR DIN; 16A;1P+N;6,10KA;CDB6HLES-63;ROHS (3010913140)"
3011800300,MP,MP07,VENTILADOR TIPO COOLER FAN ;175*150*51;1.9A;24V;66.4DB;354.71;400.0MM;70000HRS AT 40?;ROHS(3011800300),UN,10108,7,  13 , - ,  13 ,"R$ 1.764,00",-,LIVOLTEK - VENDAS,,Curitiba (Eletra),,DIVERSOS,VENTILADOR TIPO COOLER FAN ;175*150*51;1.9A;24V;66.4DB;354.71;400.0MM;70000HRS AT 40?;ROHS(3011800300)
3011901840,MP,MP04,BOTAO DE EMERGENCIA; NP4-11ZS/1;RED;38*31*64MM;ROHS (3011901840),UN,10108,7,  4 , - ,  4 ,"R$ 114,24",-,LIVOLTEK - VENDAS,,Curitiba (Eletra),,DIVERSOS,BOTAO DE EMERGENCIA; NP4-11ZS/1;RED;38*31*64MM;ROHS (3011901840)
3012001050,MP,MP09,DISJUNTOR CAIXA MOLDADA; CDM6H-250M/3308;250.0A;3P;50KA;ROHS (3012001050),UN,10108,7,  4 , - ,  4 ,"R$ 731,13",-,LIVOLTEK - VENDAS,,Curitiba (Eletra),,DIVERSOS,DISJUNTOR CAIXA MOLDADA; CDM6H-250M/3308;250.0A;3P;50KA;ROHS (3012001050)
3012103830,MP,MP08,TERMINAL ELETRICO MC4 FEMEA,UN,10108,7,  8.325 , - ,  8.325 ,"R$ 12.975,35",-,LIVOLTEK - VENDAS,,Curitiba (Eletra),,DIVERSOS,TERMINAL ELETRICO MC4 FEMEA
3012103860,MP,MP08,CONECTOR MC4 MACHO,UN,10108,7,  9.030 , - ,  9.030 ,"R$ 6.998,25",-,LIVOLTEK - VENDAS,,Curitiba (Eletra),PRODUTO,KIT SOLAR - CONECTOR,CONECTOR MC4 MACHO
3012103890,MP,MP08,CONECTOR MC4 FEMEA,UN,10108,7,  9.030 , - ,  9.030 ,"R$ 7.019,92",-,LIVOLTEK - VENDAS,,Curitiba (Eletra),PRODUTO,KIT SOLAR - CONECTOR,CONECTOR MC4 FEMEA
3012103900,MP,MP08,TERMINAL ELETRICO MC4 MACHO,UN,10108,7,  8.325 , - ,  8.325 ,"R$ 6.487,67",-,LIVOLTEK - VENDAS,,Curitiba (Eletra),,DIVERSOS,TERMINAL ELETRICO MC4 MACHO
3013200750,MP,MP06,DISPOSITIVO DE PROTECAO CONTRA SURTOS (DPS);70.3*99.7*67,UN,10108,7,  4 , - ,  4 ,"R$ 221,80",-,LIVOLTEK - VENDAS,,Curitiba (Eletra),,DIVERSOS,DISPOSITIVO DE PROTECAO CONTRA SURTOS (DPS);70.3*99.7*67
3013400040,MP,MP08,RELE (CONTATOR) PARA UMA TENSAO DE ATE 400V CONTROLE DA FONTE DE ALIMENTACAO DO MODULO DE CARREGAMENTO;AC 400V;3P; (3013,UN,10108,7,  2 , - ,  2 ,"R$ 1.484,34",-,LIVOLTEK - VENDAS,,Curitiba (Eletra),,DIVERSOS,RELE (CONTATOR) PARA UMA TENSAO DE ATE 400V CONTROLE DA FONTE DE ALIMENTACAO DO MODULO DE CARREGAMENTO;AC 400V;3P; (3013
3013400100,MP,MP08,RELE (CONTATOR) PARA UMA TENSAO DE ATE 1000V DC;12~1000VDC;CE;ROHS (3013400100),UN,10108,7,  25 , - ,  25 ,"R$ 3.153,58",-,LIVOLTEK - VENDAS,,Curitiba (Eletra),,DIVERSOS,RELE (CONTATOR) PARA UMA TENSAO DE ATE 1000V DC;12~1000VDC;CE;ROHS (3013400100)
3013500320,MP,MP08,FUSIVEL; SEV-43F-1000V;1000V;400.0A;ROHS,UN,10108,7,  1 , - ,  1 ,"R$ 74,85",-,LIVOLTEK - VENDAS,,Curitiba (Eletra),,DIVERSOS,FUSIVEL; SEV-43F-1000V;1000V;400.0A;ROHS
3013500620,MP,MP08,FUSIVEL PARA UMA TENSAO NAO SUPERIOR A 1000V ;SEV-43F-250/1000;DC;250.0A;ROHS(3013500620),UN,10108,7,  7 , - ,  7 ,"R$ 636,62",-,LIVOLTEK - VENDAS,,Curitiba (Eletra),,DIVERSOS,FUSIVEL PARA UMA TENSAO NAO SUPERIOR A 1000V ;SEV-43F-250/1000;DC;250.0A;ROHS(3013500620)
3070500161,MP,MP04,ABRACADEIRA DE NYLON 4X200MM PA66 BRANCA (3070500161),UN,10108,7,  648 , - ,  648 ,"R$ 30,07",-,LIVOLTEK - VENDAS,,Curitiba (Eletra),,DIVERSOS,ABRACADEIRA DE NYLON 4X200MM PA66 BRANCA (3070500161)
3090901020,MP,MP08,"CABO CONDUTOR ELETRICO MUNIDO DE PECAS DE CONEXAO, PARA UMA TENSAO DE ATE 1000V, CORRENTE 200A, CARREGAMENTO CCS 2. 5M;",UN,10108,7,  6 , - ,  6 ,"R$ 11.339,69",-,LIVOLTEK - VENDAS,,Curitiba (Eletra),PRODUTO,DIVERSOS - CABO,"CABO CONDUTOR ELETRICO MUNIDO DE PECAS DE CONEXAO, PARA UMA TENSAO DE ATE 1000V, CORRENTE 200A, CARREGAMENTO CCS 2. 5M;"
3090901050,MP,MP08,CABO DE CARREGAMENTO COM CONECTOR CCS 2; 250A; 1000V; IP54; COR PRETO; 5M,UN,10108,7,  1 , - ,  1 ,"R$ 1.944,48",-,LIVOLTEK - VENDAS,,Curitiba (Eletra),PRODUTO,DIVERSOS - CABO,CABO DE CARREGAMENTO COM CONECTOR CCS 2; 250A; 1000V; IP54; COR PRETO; 5M
3100703570,RV,RV01,"CARTAO DE ACIONAMENTO POR APROXIMACAO PVC, 85.5*54MM, PADRAO LIVOLTEK",UN,10108,7,  56 , - ,  56 ,"R$ 258,26",-,LIVOLTEK - VENDAS,,Curitiba (Eletra),,DIVERSOS,"CARTAO DE ACIONAMENTO POR APROXIMACAO PVC, 85.5*54MM, PADRAO LIVOLTEK"
3990033500,MP,MP07,PARTE EXCLUSIVA DE CONVERSORES ELETRICOS ESTATICOS TRAVA ELETRONICA;TENSAO NOMINAL 12V DC;TENSAO DE ALIMENTACAO:9-16V,UN,10108,7,  8 , - ,  8 ,"R$ 522,32",-,LIVOLTEK - VENDAS,,Curitiba (Eletra),,DIVERSOS,PARTE EXCLUSIVA DE CONVERSORES ELETRICOS ESTATICOS TRAVA ELETRONICA;TENSAO NOMINAL 12V DC;TENSAO DE ALIMENTACAO:9-16V
523000717001,RV,RV01,CONVERSOR ESTATICO DE POTENCIA TIPO ESTACAO DE RECARGA VEICULAR LCDC 60KW 2XCCS2 5M RFID ETHERNET 4G,UN,10108,7,  1 , - ,  1 ,"R$ 23.956,83",-,LIVOLTEK - VENDAS,,Curitiba (Eletra),NÃO CADASTRADO,DIVERSOS,CONVERSOR ESTATICO DE POTENCIA TIPO ESTACAO DE RECARGA VEICULAR LCDC 60KW 2XCCS2 5M RFID ETHERNET 4G
525010020008,RV,RV01,"MODULO DE COMUNICACAO PARA TRANSMISSAO E RECEPCAO DE DADOS EM REDES SEM FIO (WLAN), FREQUENCIA 2.4 GHZ, 54MBIT/S, 3.3VDC",UN,10108,7,  1.503 , - ,  1.503 ,"R$ 21.177,42",-,LIVOLTEK - VENDAS,,Curitiba (Eletra),NÃO CADASTRADO,DIVERSOS,"MODULO DE COMUNICACAO PARA TRANSMISSAO E RECEPCAO DE DADOS EM REDES SEM FIO (WLAN), FREQUENCIA 2.4 GHZ, 54MBIT/S, 3.3VDC"
525010021005,RV,RV01,MODULO DE COMUNICACAO WIFI (525010021005),UN,10108,7,  83 , - ,  83 ,"R$ 5.039,35",-,LIVOLTEK - VENDAS,,Curitiba (Eletra),NÃO CADASTRADO,DIVERSOS,MODULO DE COMUNICACAO WIFI (525010021005)
525010027004,MP,MP07,PARTE EXCLUSIVA DE CONVERSORES ELETRICOS ESTATICOS PLACA DE CONTROLE DA TRAVA ELETRONICA (525010027004),UN,10108,7,  8 , - ,  8 ,"R$ 113,97",-,LIVOLTEK - VENDAS,,Curitiba (Eletra),NÃO CADASTRADO,DIVERSOS,PARTE EXCLUSIVA DE CONVERSORES ELETRICOS ESTATICOS PLACA DE CONTROLE DA TRAVA ELETRONICA (525010027004)
525010035012,MP,MP07,PARTE EXCLUSIVA DE CONVERSORES ELETRICOS ESTATICOS PLACA DE CONTROLE DE CARREGAMENTO(CCU),UN,10108,7,  7 , - ,  7 ,"R$ 3.308,23",-,LIVOLTEK - VENDAS,,Curitiba (Eletra),NÃO CADASTRADO,DIVERSOS,PARTE EXCLUSIVA DE CONVERSORES ELETRICOS ESTATICOS PLACA DE CONTROLE DE CARREGAMENTO(CCU)
525010040003,MP,MP07,PARTE EXCLUSIVA DE CONVERSORES ELETRICOS ESTATICOS PLACA DE CONTROLE DE LED;181.5*20 LED STATUS DE RECARREGAMENTO,UN,10108,7,  8 , - ,  8 ,"R$ 114,51",-,LIVOLTEK - VENDAS,,Curitiba (Eletra),NÃO CADASTRADO,DIVERSOS,PARTE EXCLUSIVA DE CONVERSORES ELETRICOS ESTATICOS PLACA DE CONTROLE DE LED;181.5*20 LED STATUS DE RECARREGAMENTO
525010042005,MP,MP07,PARTE EXCLUSIVA DE CONVERSORES ELETRICOS ESTATICOS PLACA DE CONTROLE PLC (525010042005),UN,10108,7,  8 , - ,  8 ,"R$ 535,30",-,LIVOLTEK - VENDAS,,Curitiba (Eletra),NÃO CADASTRADO,DIVERSOS,PARTE EXCLUSIVA DE CONVERSORES ELETRICOS ESTATICOS PLACA DE CONTROLE PLC (525010042005)
525010043001,MP,MP07,PARTE EXCLUSIVA DE CONVERSORES ELETRICOS ESTATICOS PLACA DE CONTROLE DE LED;181.5MM*20MM LED DE STATUS LIGADO,UN,10108,7,  8 , - ,  8 ,"R$ 104,52",-,LIVOLTEK - VENDAS,,Curitiba (Eletra),NÃO CADASTRADO,DIVERSOS,PARTE EXCLUSIVA DE CONVERSORES ELETRICOS ESTATICOS PLACA DE CONTROLE DE LED;181.5MM*20MM LED DE STATUS LIGADO
525010044002,MP,MP07,PARTE EXCLUSIVA DE CONVERSORES ELETRICOS ESTATICOS PLACA DE CONTROLE DE LED;261.5MM*20MM LED DE STATUS LIGADO,UN,10108,7,  7 , - ,  7 ,"R$ 133,53",-,LIVOLTEK - VENDAS,,Curitiba (Eletra),NÃO CADASTRADO,DIVERSOS,PARTE EXCLUSIVA DE CONVERSORES ELETRICOS ESTATICOS PLACA DE CONTROLE DE LED;261.5MM*20MM LED DE STATUS LIGADO
525030024002,RV,RV01,MAQUINAS AUTOMATICA PARA PROCESSAMENTO DE DADOS TIPO LEITOR DE CARTOES MAGNETICOS RFID KIT PARA AC EV-CHARGER,UN,10108,7,  56 , - ,  56 ,"R$ 2.969,30",-,LIVOLTEK - VENDAS,,Curitiba (Eletra),NÃO CADASTRADO,DIVERSOS,MAQUINAS AUTOMATICA PARA PROCESSAMENTO DE DADOS TIPO LEITOR DE CARTOES MAGNETICOS RFID KIT PARA AC EV-CHARGER
525030073001,MP,MP07,PARTE EXCLUSIVA DE CONVERSORES ELETRICOS ESTATICOS GERENCIAMENTO DE CABOS RODA DE QUATRO VIAS; 82.5X55X16MM;ROHS,UN,10108,7,  7 , - ,  7 ,"R$ 151,04",-,LIVOLTEK - VENDAS,,Curitiba (Eletra),NÃO CADASTRADO,DIVERSOS,PARTE EXCLUSIVA DE CONVERSORES ELETRICOS ESTATICOS GERENCIAMENTO DE CABOS RODA DE QUATRO VIAS; 82.5X55X16MM;ROHS
525030074001,MP,MP07,BALANCEADOR DO GERENCIADOR DE CABOS;SCCR -FC-XX-L(R); LADO ESQUERDO,UN,10108,7,  1 , - ,  1 ,"R$ 329,81",-,LIVOLTEK - VENDAS,,Curitiba (Eletra),NÃO CADASTRADO,DIVERSOS,BALANCEADOR DO GERENCIADOR DE CABOS;SCCR -FC-XX-L(R); LADO ESQUERDO
525030075001,MP,MP07,PARTE EXCLUSIVA DE CONVERSORES ELETRICOS ESTATICOS BALANCEADOR DO GERENCIADOR DE CABOS;D30.2 ;170X164X66.5MM;ROHS,UN,10108,7,  2 , - ,  2 ,"R$ 624,32",-,LIVOLTEK - VENDAS,,Curitiba (Eletra),NÃO CADASTRADO,DIVERSOS,PARTE EXCLUSIVA DE CONVERSORES ELETRICOS ESTATICOS BALANCEADOR DO GERENCIADOR DE CABOS;D30.2 ;170X164X66.5MM;ROHS
525030076001,MP,MP07,PARTE EXCLUSIVA DE CONVERSORES ELETRICOS ESTATICOS BALANCEADOR DO GERENCIADOR DE CABOS; D30.2;170X164X66.5MM;ROHS,UN,10108,7,  3 , - ,  3 ,"R$ 934,20",-,LIVOLTEK - VENDAS,,Curitiba (Eletra),NÃO CADASTRADO,DIVERSOS,PARTE EXCLUSIVA DE CONVERSORES ELETRICOS ESTATICOS BALANCEADOR DO GERENCIADOR DE CABOS; D30.2;170X164X66.5MM;ROHS
525030077001,MP,MP07,BALANCEADOR DO GERENCIADOR DE CABOS;SCCR -FC-XX-L(R); LADO DIREITO,UN,10108,7,  1 , - ,  1 ,"R$ 329,81",-,LIVOLTEK - VENDAS,,Curitiba (Eletra),NÃO CADASTRADO,DIVERSOS,BALANCEADOR DO GERENCIADOR DE CABOS;SCCR -FC-XX-L(R); LADO DIREITO
525030096001,MP,MP07,ARO DE CONEXAO DO CABO DE RECARGA DO GERENCIADOR DE CABOS; BRACACEIRA 30.2MM,UN,10108,7,  1 , - ,  1 ,"R$ 17,02",-,LIVOLTEK - VENDAS,,Curitiba (Eletra),NÃO CADASTRADO,DIVERSOS,ARO DE CONEXAO DO CABO DE RECARGA DO GERENCIADOR DE CABOS; BRACACEIRA 30.2MM
525030098001,MP,MP07,PARTE EXCLUSIVA DE CONVERSORES ELETRICOS ESTATICOS ARO (CONJUNTO DA BRACADEIRA DO CABO DE CARREGAMENTO);DIAMETRO 30.2MM;,UN,10108,7,  7 , - ,  7 ,"R$ 122,46",-,LIVOLTEK - VENDAS,,Curitiba (Eletra),NÃO CADASTRADO,DIVERSOS,PARTE EXCLUSIVA DE CONVERSORES ELETRICOS ESTATICOS ARO (CONJUNTO DA BRACADEIRA DO CABO DE CARREGAMENTO);DIAMETRO 30.2MM;
6001014980,MP,MP08,MODULO DE POTENCIA AC/DC 30KW; SAIDA DC 0-1000V;USADO NA ESTACAO MF DC (6001014980),UN,10108,7,  19 , - ,  19 ,"R$ 86.979,25",-,LIVOLTEK - VENDAS,,Curitiba (Eletra),,DIVERSOS,MODULO DE POTENCIA AC/DC 30KW; SAIDA DC 0-1000V;USADO NA ESTACAO MF DC (6001014980)
6001015000,PA,PA51,MEDIDOR DE ENERGIA EM CORRENTE CONTINUA DC;DCM230 -2-1;9-40VDC ;5-1000VDC,UN,10108,7,  1 , - ,  1 ,"R$ 228,82",-,LIVOLTEK - VENDAS,,Curitiba (Eletra),,DIVERSOS,MEDIDOR DE ENERGIA EM CORRENTE CONTINUA DC;DCM230 -2-1;9-40VDC ;5-1000VDC
8020400430,MP,MP08,"CARREGADOR DE ACUMULADOR (CA) PORTATIL PARA CARREGAR DISPOSITIVOS CONVENCIONAIS CAP. 12,8V/130500MAH",UN,10108,7,  23 , - ,  23 ,"R$ 33.170,82",-,LIVOLTEK - VENDAS,,Curitiba (Eletra),,DIVERSOS,"CARREGADOR DE ACUMULADOR (CA) PORTATIL PARA CARREGAR DISPOSITIVOS CONVENCIONAIS CAP. 12,8V/130500MAH"
8020400440,MP,MP08,"CARREGADOR DE ACUMULADOR (CA) PORTATIL PARA CARREGAR DISPOSITIVOS CONVENCIONAIS CAP. 22,4V/133200MAH",UN,10108,7,  22 , - ,  22 ,"R$ 51.253,50",-,LIVOLTEK - VENDAS,,Curitiba (Eletra),,DIVERSOS,"CARREGADOR DE ACUMULADOR (CA) PORTATIL PARA CARREGAR DISPOSITIVOS CONVENCIONAIS CAP. 22,4V/133200MAH"
8020400450,MP,MP08,"DISPOSITIVO FOTOSSENSIVEL SEMICONDUTOR, CELULAS FOTOVOLTAICAS MONTADAS EM PAINEL SOLAR - 100 W",UN,10108,7,  94 , - ,  94 ,"R$ 53.872,34",-,LIVOLTEK - VENDAS,,Curitiba (Eletra),,DIVERSOS,"DISPOSITIVO FOTOSSENSIVEL SEMICONDUTOR, CELULAS FOTOVOLTAICAS MONTADAS EM PAINEL SOLAR - 100 W"
8020400600,MP,MP08,"CARREGADOR DE ACUMULADOR (CA) PORTATIL PARA CARREGAR DISPOSITIVOS CONVENCIONAIS CAP. 14,8V/80000MAH",UN,10108,7,  21 , - ,  21 ,"R$ 18.560,93",-,LIVOLTEK - VENDAS,,Curitiba (Eletra),,DIVERSOS,"CARREGADOR DE ACUMULADOR (CA) PORTATIL PARA CARREGAR DISPOSITIVOS CONVENCIONAIS CAP. 14,8V/80000MAH"
9120819005,MP,MP03,"POSTE DE FIBRA DE VIDRO 100 DAN, 7 METROS, PADRAO COPEL RAMAL AEREO",UN,10108,7,  20 , - ,  20 ,"R$ 28.858,50",-,LIVOLTEK - VENDAS,,Curitiba (Eletra),,DIVERSOS,"POSTE DE FIBRA DE VIDRO 100 DAN, 7 METROS, PADRAO COPEL RAMAL AEREO"
9121500036,RV,RV01,"COLUNA DE FIXACAO, DE ACO, PARA MONTAGEM DE ESTRUTURA FIXA DE CARREGADOR VEICULAR",UN,10108,7,  21 , - ,  21 ,"R$ 4.920,09",-,LIVOLTEK - VENDAS,,Curitiba (Eletra),,DIVERSOS,"COLUNA DE FIXACAO, DE ACO, PARA MONTAGEM DE ESTRUTURA FIXA DE CARREGADOR VEICULAR"
9121500058,RV,RV01,ESTRUTURA METALICA PARA TELHADO CERAMICO,UN,10108,7,  993 , - ,  993 ,"R$ 256.774,61",-,LIVOLTEK - VENDAS,,Curitiba (Eletra),PRODUTO,KIT SOLAR - TELHADO,ESTRUTURA METALICA PARA TELHADO CERAMICO
9191270847,RV,RV01,"CARREGADOR DE ACUMULADOR (CA) PORTATIL PARA CARREGAR DISPOSITIVOS CONVENCIONAIS CAP. 22,4V/133200MAH - 110V",UN,10108,7,  24 , - ,  24 ,"R$ 55.877,22",-,LIVOLTEK - VENDAS,,Curitiba (Eletra),,DIVERSOS,"CARREGADOR DE ACUMULADOR (CA) PORTATIL PARA CARREGAR DISPOSITIVOS CONVENCIONAIS CAP. 22,4V/133200MAH - 110V"
9191270848,RV,RV01,"CARREGADOR DE ACUMULADOR (CA) PORTATIL PARA CARREGAR DISPOSITIVOS CONVENCIONAIS CAP. 12,8V/130500MAH - 110V",UN,10108,7,  25 , - ,  25 ,"R$ 36.052,01",-,LIVOLTEK - VENDAS,,Curitiba (Eletra),,DIVERSOS,"CARREGADOR DE ACUMULADOR (CA) PORTATIL PARA CARREGAR DISPOSITIVOS CONVENCIONAIS CAP. 12,8V/130500MAH - 110V"
9191271060,RV,RV01,KIT TELHADO CERAMICO CCM-10 4 MODULOS STD.,UN,10108,7,  2.584 , - ,  2.584 ,"R$ 629.061,10",-,LIVOLTEK - VENDAS,,Curitiba (Eletra),PRODUTO,KIT SOLAR - TELHADO,KIT TELHADO CERAMICO CCM-10 4 MODULOS STD.
9191271061,RV,RV01,KIT TELHADO FIBROCIMENTO FIX MADE 200 MM 4 MODULOS STD,UN,10108,7,  1.608 , - ,  1.608 ,"R$ 370.681,14",-,LIVOLTEK - VENDAS,,Curitiba (Eletra),PRODUTO,KIT SOLAR - TELHADO,KIT TELHADO FIBROCIMENTO FIX MADE
9191271062,RV,RV01,KIT TELHADO FIBROMETAL FIX MTL 250 MM 4 MODULOS STD,UN,10108,7,  796 , - ,  796 ,"R$ 178.994,77",-,LIVOLTEK - VENDAS,,Curitiba (Eletra),PRODUTO,KIT SOLAR - TELHADO,KIT TELHADO FIBROMETAL FIX MTL
9191271063,RV,RV01,KIT MINI TRILHO BAIXO P-1 PARA 4 MODULOS 300 MM,UN,10108,7,  2.282 , - ,  2.282 ,"R$ 160.454,49",-,LIVOLTEK - VENDAS,,Curitiba (Eletra),PRODUTO,KIT SOLAR - TELHADO,KIT MINI TRILHO BAIXO P-1
9191271064,RV,RV01,TRIANGULO RETRATO TELESCOPIO 4 MODULOS 15° A 30° LAJE,UN,10108,7,  168 , - ,  168 ,"R$ 97.531,71",-,LIVOLTEK - VENDAS,,Curitiba (Eletra),,KIT SOLAR - TELHADO,TRIANGULO RETRATO TELESCOPIO 4 MODULOS 15° A 30° LAJE
9191271065,RV,RV01,KIT SOLO EASY LINE 4 MODULOS - 1134X2279,UN,10108,7,  2.191 , - ,  2.191 ,"R$ 880.373,16",-,LIVOLTEK - VENDAS,,Curitiba (Eletra),PRODUTO,KIT SOLAR - SOLO,KIT SOLO EASY LINE 4 MODULOS - 1134X2279
9192220364,RV,RV01,PEDESTAL PARA ESTACAO DE RECARGA DC30KW; 200X80MM; ACO CARBONO 1020; COM FURACOES; PINTURA ELETROSTATICA; E PARABOLTS,UN,10108,7,  9 , - ,  9 ,"R$ 6.313,31",-,LIVOLTEK - VENDAS,,Curitiba (Eletra),PRODUTO,CARREGADOR - PEDESTAL,PEDESTAL PARA DC30KW; 200X80MM
A0220400E11R11002,RV,RV01,CARREGADOR VEICULAR | LIVOLTEK | CA 22KW | ATOM | 400V | 32A | CABO 5M | 1XTIPO 2 | BT | WI-FI | ETH | HARDWARE A21 | BO,UN,10108,7,  3 , - ,  3 ,"R$ 3.623,36",-,LIVOLTEK - VENDAS,,Curitiba (Eletra),PRODUTO,CARREGADOR 22kW,CARREGADOR VEICULAR | LIVOLTEK | CA 22KW | ATOM | 400V | 32A | CABO 5M | 1XTIPO 2 | BT | WI-FI | ETH | HARDWARE A21 | BO
A0220400E11R11004,RV,RV01,CARREGADOR VEICULAR | LIVOLTEK | CA 22KW | ATOM | 400V | 32A | CABO 5M | 1XTIPO 2 | BT | WI-FI (FC41D) | BOTAO DE EMERGE,UN,10108,7,  4 , - ,  4 ,"R$ 4.279,24",-,LIVOLTEK - VENDAS,,Curitiba (Eletra),PRODUTO,CARREGADOR 22kW,CARREGADOR VEICULAR | LIVOLTEK | CA 22KW | ATOM | 400V | 32A | CABO 5M | 1XTIPO 2 | BT | WI-FI (FC41D) | BOTAO DE EMERGE
A0220400E11R11005,RV,RV01,CARREGADOR VEICULAR | LIVOLTEK | CA 22KW | ATOM | 400V | 32A | CABO 5M | 1XTIPO 2 | BT | WI-FI (FC41D) | RFID | BOTAO DE,UN,10108,7,  182 , - ,  182 ,"R$ 172.481,82",-,LIVOLTEK - VENDAS,,Curitiba (Eletra),PRODUTO,CARREGADOR 22kW,CARREGADOR VEICULAR | LIVOLTEK | CA 22KW | ATOM | 400V | 32A | CABO 5M | 1XTIPO 2 | BT | WI-FI (FC41D) | RFID | BOTAO DE
AC1-AIOR11001,RV,RV01,CAIXA DE ALUMINIO FUNDIDO PARA ALOCACAO DE BATERIAS DE LITIO PARA USO EM INVERSORES FOTOVOLTAICOS,UN,10108,7,  2 , - ,  2 ,"R$ 911,93",-,LIVOLTEK - VENDAS,,Curitiba (Eletra),MATÉRIA-PRIMA,DIVERSOS,CAIXA DE ALUMINIO FUNDIDO PARA ALOCACAO DE BATERIAS DE LITIO PARA USO EM INVERSORES FOTOVOLTAICOS
BHF-X225R11001,RV,RV01,CONVERSOR ESTATICO COM SISTEMA DE ARMAZENAMENTO DE ENERGIA BESS 100KW 225KWH IP55 BHF-X2225,UN,10108,7,  3 , - ,  3 ,"R$ 596.646,95",-,LIVOLTEK - VENDAS,,Curitiba (Eletra),,BESS,CONVERSOR ESTATICO COM SISTEMA DE ARMAZENAMENTO DE ENERGIA BESS 100KW 225KWH IP55 BHF-X2225
BLF51-5R31001,RV,MP07,BATERIA RECARREGAVEL DE ION DE LITIO (BLF51-5R31001),UN,10108,7,  1 , - ,  1 ,"R$ 3.067,16",-,LIVOLTEK - VENDAS,,Curitiba (Eletra),PRODUTO,BATERIA,BLF51-5R31001
C04010E2EAFER11003,RV,RV01,CARREGADOR VEICULAR | LIVOLTEK | CC 40KW | MC | 133A | 2XCCS2 | WALL-MOUNT | 4G (LATAM) | PPOS,UN,10108,7,  18 , - ,  18 ,"R$ 407.853,65",-,LIVOLTEK - VENDAS,,Curitiba (Eletra),PRODUTO,CARREGADOR 40kW,CARREGADOR VEICULAR | LIVOLTEK | CC 40KW | MC | 133A | 2XCCS2 | WALL-MOUNT | 4G (LATAM) | PPOS
D0300380E1EYW11001,RV,RV01,"D0301000E21 - CARREGADOR VEICULAR CC, POTENCIA NOMINAL DE 30KW, DIMENSOES 450 * 145 * 680 MM",UN,10108,7,  12 , - ,  12 ,"R$ 202.949,58",-,LIVOLTEK - VENDAS,,Curitiba (Eletra),PRODUTO,CARREGADOR 30kW,"D0301000E21 - CARREGADOR VEICULAR CC, POTENCIA NOMINAL DE 30KW, DIMENSOES 450 * 145 * 680 MM"
GT1-10KT2R11004,RV,RV01,INVERSORES PARA SISTEMAS FOTOVOLTAICOS ON-GRID GT1 -10KT2R11004,UN,10108,7,  16 , - ,  16 ,"R$ 40.281,68",-,LIVOLTEK - VENDAS,,Curitiba (Eletra),PRODUTO,INVERSOR - GT1,GT1 -10KT2R11004
GT1-6KD2R11008,RV,RV01,INVERSORES PARA SISTEMAS FOTOVOLTAICOS GT1-6KD2R11008,UN,10108,7,  30 , - ,  30 ,"R$ 64.567,88",-,LIVOLTEK - VENDAS,,Curitiba (Eletra),PRODUTO,INVERSOR - GT1,GT1-6KD2R11008
GT1-7K5T2R11002,RV,RV01,INVERSOR ON-GRID MONOFASICO GT1-7K5T2R11002 (GT1-7K5T2R11002),UN,10108,7,  65 , - ,  65 ,"R$ 175.789,61",-,LIVOLTEK - VENDAS,,Curitiba (Eletra),PRODUTO,INVERSOR - GT1,GT1-7K5T2R11002 (GT1-7K5T2R11002)
GT1-8KT1R11001,RV,RV01,INVERSOR FOTOVOLTAICO MODELO GT1-8KT1,UN,10108,7,  7 , - ,  7 ,"R$ 11.878,95",-,LIVOLTEK - VENDAS,,Curitiba (Eletra),PRODUTO,INVERSOR - GT1,GT1-8KT1
GT3-100K-1R11002,RV,RV01,INVERSOR ON-GRID TRIFASICO GT3 -100K-1 380V AFCI,UN,10108,7,  26 , - ,  26 ,"R$ 340.954,03",-,LIVOLTEK - VENDAS,,Curitiba (Eletra),PRODUTO,INVERSOR - GT3,GT3 -100K-1 380V AFCI
GT3-110K-1R11002,RV,RV01,INVERSOR ON-GRID TRIFASICO GT3 -110K-1 380V AFCI,UN,10108,7,  17 , - ,  17 ,"R$ 223.001,96",-,LIVOLTEK - VENDAS,,Curitiba (Eletra),PRODUTO,INVERSOR - GT3,GT3 -110K-1 380V AFCI
GT3-125K-1R11002,RV,RV01,INVERSOR ON-GRID TRIFASICO GT3 -125K-1 380V AFCI,UN,10108,7,  77 , - ,  77 ,"R$ 1.016.738,61",-,LIVOLTEK - VENDAS,,Curitiba (Eletra),PRODUTO,INVERSOR - GT3,GT3 -125K-1 380V AFCI
GT3-15KD1R11008,RV,RV01,INVERSORES PARA SISTEMAS FOTOVOLTAICOS GT3-15KD1R11008,UN,10108,7,  9 , - ,  9 ,"R$ 29.590,78",-,LIVOLTEK - VENDAS,,Curitiba (Eletra),PRODUTO,INVERSOR - GT3,GT3-15KD1R11008
GT3-15KDL1R11002,RV,RV01,INVERSOR ON-GRID TRIFASICO 15KW 220V 2 MPPT AFCI - GT3-15KDL1-2,UN,10108,7,  48 , - ,  48 ,"R$ 354.243,81",-,LIVOLTEK - VENDAS,,Curitiba (Eletra),PRODUTO,INVERSOR - GT3,GT3-15KDL1-2
GT3-20KD1R11001,RV,RV01,INVERSOR FOTOVOLTAICO MODELO GT3 -20KD1,UN,10108,7,  5 , - ,  5 ,"R$ 11.672,19",-,LIVOLTEK - VENDAS,,Curitiba (Eletra),PRODUTO,INVERSOR - GT3,GT3 -20KD1
GT3-20KD1R11006,RV,RV01,INVERSORES PARA SISTEMAS FOTOVOLTAICOS (GT3-20KD1R11006),UN,10108,7,  28 , - ,  28 ,"R$ 100.331,49",-,LIVOLTEK - VENDAS,,Curitiba (Eletra),PRODUTO,INVERSOR - GT3,GT3-20KD1R11006
GT3-20KD1R11008,RV,RV01,INVERSORES PARA SISTEMAS FOTOVOLTAICOS ON-GRID GT3-20KD1R11008,UN,10108,7,  69 , - ,  69 ,"R$ 246.686,19",-,LIVOLTEK - VENDAS,,Curitiba (Eletra),PRODUTO,INVERSOR - GT3,GT3-20KD1R11008
GT3-20KTL1R11002,RV,RV01,INVERSOR TRIFASICO 220V ON-GRID GT3-20KTL1 AFCI,UN,10108,7,  1 , - ,  1 ,"R$ 5.999,64",-,LIVOLTEK - VENDAS,,Curitiba (Eletra),PRODUTO,INVERSOR - GT3,GT3-20KTL1 AFCI
GT3-25KD1R11006,RV,RV01,INVERSORES PARA SISTEMAS FOTOVOLTAICOS (GT3-25KD1R11006),UN,10108,7,  45 , - ,  45 ,"R$ 159.076,08",-,LIVOLTEK - VENDAS,,Curitiba (Eletra),PRODUTO,INVERSOR - GT3,GT3-25KD1R11006
GT3-25KD1R11008,RV,RV01,INVERSORES PARA SISTEMAS FOTOVOLTAICOS ON-GRID GT3 - 25KD1R11008,UN,10108,7,  44 , - ,  44 ,"R$ 158.436,54",-,LIVOLTEK - VENDAS,,Curitiba (Eletra),PRODUTO,INVERSOR - GT3,GT3 - 25KD1R11008
GT3-30KD1R11002,RV,RV01,INVERSOR ON-GRID TRIFASICO 30KW 220V 3 MPPT AFCI - GT3-30KTL1-2,UN,10108,7,  2 ,  1 ,  1 ,"R$ 7.995,06","3.997,53",LIVOLTEK - VENDAS,,Curitiba (Eletra),PRODUTO,INVERSOR - GT3,GT3-30KTL1-2
GT3-30KQL1R11002,RV,RV01,INVERSOR TRIFASICO 220V ON-GRID GT3-30KQL1 AFCI,UN,10108,7,  2 , - ,  2 ,"R$ 13.903,44",-,LIVOLTEK - VENDAS,,Curitiba (Eletra),PRODUTO,INVERSOR - GT3,GT3-30KQL1 AFCI
GT3-30KT1R11002,RV,RV01,INVERSOR TRIFASICO 380V ON-GRID GT3-30KT1 AFCI.,UN,10108,7,  153 , - ,  153 ,"R$ 1.098.736,77",-,LIVOLTEK - VENDAS,,Curitiba (Eletra),PRODUTO,INVERSOR - GT3,GT3-30KT1 AFCI.
GT3-30KTL1R11002,RV,RV01,INVERSOR ON-GRID TRIFASICO 30KW 380V 2 MPPT AFCI - GT3-30KD1-2,UN,10108,7,  88 , - ,  88 ,"R$ 651.587,18",-,LIVOLTEK - VENDAS,,Curitiba (Eletra),PRODUTO,INVERSOR - GT3,GT3-30KD1-2
GT3-37K5Q1R11002,RV,RV01,INVERSOR TRIFASICO 380V ON-GRID GT3-37K5Q AFCI,UN,10108,7,  127 , - ,  127 ,"R$ 927.825,86",-,LIVOLTEK - VENDAS,,Curitiba (Eletra),PRODUTO,INVERSOR - GT3,GT3-37K5Q AFCI
GT3-37K5T1R11002,RV,RV01,"INVERSOR ON-GRID TRIFASICO 37,5KW 380V 3 MPPT AFCI - GT3-37K5T1",UN,10108,7,  71 , - ,  71 ,"R$ 559.494,79",-,LIVOLTEK - VENDAS,,Curitiba (Eletra),PRODUTO,INVERSOR - GT3,GT3-37K5T1
GT3-50KL11R11002,RV,RV01,INVERSOR ON-GRID TRIFASICO 50KW 220V 4 MPPT AFCI - GT3-50KL11,UN,10108,7,  202 , - ,  202 ,"R$ 2.476.033,83",-,LIVOLTEK - VENDAS,,Curitiba (Eletra),PRODUTO,INVERSOR - GT3,GT3-50KL11
GT3-50KQ1R11002,RV,RV01,INVERSOR TRIFASICO 380V ON-GRID GT3-50KQ1 AFCI,UN,10108,7,  269 , - ,  269 ,"R$ 1.765.283,04",-,LIVOLTEK - VENDAS,,Curitiba (Eletra),PRODUTO,INVERSOR - GT3,GT3-50KQ1 AFCI
GT3-60KL11R11002,RV,RV01,INVERSOR ON-GRID TRIFASICO 60KW 220V 6 MPPT AFCI - GT3-60KL11-2,UN,10108,7,  175 , - ,  175 ,"R$ 2.132.654,32",-,LIVOLTEK - VENDAS,,Curitiba (Eletra),PRODUTO,INVERSOR - GT3,GT3-60KL11-2
GT3-60KQ1R11001,MP,MP07,INVERSOR TRIFASICO ON-GRID GT3-60KQ1 (GT3-60KQ1R11001),UN,10108,7,  1 , - ,  1 ,"R$ 13.110,51",-,LIVOLTEK - VENDAS,,Curitiba (Eletra),PRODUTO,INVERSOR - GT3,GT3-60KQ1R11001
GT3-60KQ1R11002,RV,RV01,INVERSOR TRIFASICO 380V ON-GRID GT3-60KQ1 AFCI,UN,10108,7,  124 , - ,  124 ,"R$ 768.551,88",-,LIVOLTEK - VENDAS,,Curitiba (Eletra),PRODUTO,INVERSOR - GT3,GT3-60KQ1 AFCI
GT3-75K-11R11002,RV,RV01,INVERSOR ON-GRID TRIFASICO 75KW 380V 6 MPPT AFCI - GT3-75K-11-2,UN,10108,7,  61 , - ,  61 ,"R$ 765.091,58",-,LIVOLTEK - VENDAS,,Curitiba (Eletra),PRODUTO,INVERSOR - GT3,GT3-75K-11-2
GT3-75KL11R11002,RV,RV01,INVERSOR ON-GRID TRIFASICO 75KW 220V 6 MPPT AFCI - GT3-75KL11-2,UN,10108,7,  195 , - ,  195 ,"R$ 2.350.411,54",-,LIVOLTEK - VENDAS,,Curitiba (Eletra),PRODUTO,INVERSOR - GT3,GT3-75KL11-2
HXCB20R02001,RV,RV01,AC STRING BOX HXDB20-2P 20A,UN,10108,7,  34 , - ,  34 ,"R$ 4.301,25",-,LIVOLTEK - VENDAS,,Curitiba (Eletra),PRODUTO,STRING BOX,AC STRING BOX HXDB20-2P 20A
LHE12DRR12001,RV,RV01,MEDIDOR INTELIGENTE (CONTADOR DE ELETRICIDADE) LHE12DR (LHE12DRR12001),UN,10108,7,  132 , - ,  132 ,"R$ 113.100,81",-,LIVOLTEK - VENDAS,,Curitiba (Eletra),,DIVERSOS - MEDIDOR DE ENERGIA,LHE12DRR12001
LHE34DRR11001,RV,RV01,"MEDIDOR DE ENERGIA (CONTADOR DE ELETRICIDADE) TRIFASICO, DIGITAL, LHE34DRR11001.",UN,10108,7,  127 , - ,  127 ,"R$ 14.621,10",-,LIVOLTEK - VENDAS,,Curitiba (Eletra),,DIVERSOS - MEDIDOR DE ENERGIA,LHE34DRR11001
LHE34DRR11002,RV,RV01,"MEDIDOR DE ENERGIA (CONTADOR DE ELETRICIDADE) TRIFASICO PARA CORRENTE ALTERNADA, SMART METER DIGITAL MODELO LHE34DR",UN,10108,7,  18 , - ,  18 ,"R$ 2.173,78",-,LIVOLTEK - VENDAS,,Curitiba (Eletra),,DIVERSOS - MEDIDOR DE ENERGIA,LHE34DR
LHE34DRR12008,MP,MP08,CONTADOR DE ELETRICIDADE INDIRETO TRIF. PARA INSTALACAO EM TRILHO MEDICAO COM TC DE 10A (LHE34DRR12008),UN,10108,7,  1 , - ,  1 ,"R$ 157,33",-,LIVOLTEK - VENDAS,,Curitiba (Eletra),,DIVERSOS - MEDIDOR DE ENERGIA,LHE34DRR12008)
LHECCHR11001,RV,RV01,"DISTRIBUIDOR DE CONEXOES PARA REDES (HUBS), BALANCEADOR DINAMICO LIVOLTEK DLB EV HUB (LHECCHR11001)",UN,10108,7,  6 , - ,  6 ,"R$ 14.884,46",-,LIVOLTEK - VENDAS,,Curitiba (Eletra),,DIVERSOS - MEDIDOR DE ENERGIA,LHECCHR11001
M1201000E2EYR10001,MP,MP03,GABINETE DE CONVERSOR ESTATICO CA/CC TIPO UNIDADE DE ABASTECIMENTO VEICULAR MFDC 120KW,UN,10108,7,  1 , - ,  1 ,"R$ 16.099,61",-,LIVOLTEK - VENDAS,,Curitiba (Eletra),MATÉRIA-PRIMA,CARREGADOR 120kW,GABINETE DE CONVERSOR ESTATICO CA/CC TIPO UNIDADE DE ABASTECIMENTO VEICULAR MFDC 120KW
M1201000E2EYR11001,RV,RV01,CARREGADOR VEICULAR | LIVOLTEK | CC 120KW | MF | 250A | 2XCCS2 | GESTAO DE CABOS | MCCB/RCD,UN,10108,7,  30 , - ,  30 ,"R$ 1.381.066,70",-,LIVOLTEK - VENDAS,,Curitiba (Eletra),PRODUTO,CARREGADOR 120kW,CARREGADOR VEICULAR | LIVOLTEK | CC 120KW | MF | 250A | 2XCCS2 | GESTAO DE CABOS | MCCB/RCD
MCPOLER101,RV,RV01,PEDESTAL LIVOLTEK CCS2 DE DOIS PLUGS PARA EQUIPAMENTOS MOTION COMPACT 2 PLUGS 370*722*330MM,UN,10108,7,  26 , - ,  26 ,"R$ 54.170,40",-,LIVOLTEK - VENDAS,,Curitiba (Eletra),PRODUTO,CARREGADOR - PEDESTAL,PEDESTAL CCS2 DE DOIS PLUGS PARA EQUIPAMENTOS MOTION COMPACT 2 PLUGS 370*722*330MM
MCPOLER102,RV,RV01,PEDESTAL LIVOLTEK CCS2 DE UM PLUG PARA EQUIPAMENTOS MOTION COMPACT 1 PLUG 370*722*330MM,UN,10108,7,  9 , - ,  9 ,"R$ 13.887,93",-,LIVOLTEK - VENDAS,,Curitiba (Eletra),PRODUTO,CARREGADOR - PEDESTAL,PEDESTAL CCS2 DE UM PLUG PARA EQUIPAMENTOS MOTION COMPACT 1 PLUG 370*722*330MM
PSD1000R11001,RV,RV01,MODULO DE COMUNICACAO PARA TRANSMISSAO E RECEPCAO DE DADOS EM REDES SEM FIO (WLAN) PSD1000R11001,UN,10108,7,  368 , - ,  368 ,"R$ 44.847,39",-,LIVOLTEK - VENDAS,,Curitiba (Eletra),,DIVERSOS - MÓDULO DE COMUNICAÇÃO,PSD1000R11001
PSD200R21001,RV,RV01,"MODULO WLAN - WIFI + BLUETOOTH, 2.4GHZ 802.11B/G/N. TENSAO DE FUNCIONAMENTO 5V - (PSD200-F1)",UN,10108,7,  14 , - ,  14 ,"R$ 814,09",-,LIVOLTEK - VENDAS,,Curitiba (Eletra),,DIVERSOS - MÓDULO DE COMUNICAÇÃO,PSD200-F1
PSD300R21001,RV,RV01,MODULO DE COMUNICACAO PARA TRANSMISSAO E RECEPCAO DE DADOS PSD300R21001.,UN,10108,7,  84 , - ,  84 ,"R$ 5.669,26",-,LIVOLTEK - VENDAS,,Curitiba (Eletra),,DIVERSOS - MÓDULO DE COMUNICAÇÃO,PSD300R21001.
SMI-48150A1F1,RV,RV01,BATERIA DE LITIO SUNWODA 150AH SMI-48150A1F1,UN,10108,7,  2 , - ,  2 ,"R$ 11.546,79",-,LIVOLTEK - VENDAS,,Curitiba (Eletra),PRODUTO,BATERIA,SMI-48150A1F1
9121260611,MP,MP03,TERMINAL TUBULAR ILHOS PRE-ISOLADO 6MM,CT,10102,7,  1.180 , - ,  1.180 ,"R$ 257,00",-,LIVOLTEK - VENDAS,,Fortaleza (Eletra),,DIVERSOS,TERMINAL TUBULAR ILHOS PRE-ISOLADO 6MM
9190132502,EM,CS03,FILME POLIESTER ESTICAVEL STRAWRAP 25 MICRAS 500MM (BOBINA COM 5KG),KG,10102,7,  360 , - ,  360 ,"R$ 3.420,47",-,LIVOLTEK - VENDAS,,Fortaleza (Eletra),,DIVERSOS,FILME POLIESTER ESTICAVEL STRAWRAP 25 MICRAS 500MM (BOBINA COM 5KG)
3042303700,MP,MP03,TRILHO DIN 35MM PERFURADO,MT,10102,7,  570 , - ,  570 ,"R$ 2.916,46",-,LIVOLTEK - VENDAS,,Fortaleza (Eletra),,DIVERSOS,TRILHO DIN 35MM PERFURADO
8010300790,MP,MP09,"CABO SOLAR 1,8 KV CC PRETO",MT,10102,7,  1.720 , - ,  1.720 ,"R$ 4.447,92",-,LIVOLTEK - VENDAS,,Fortaleza (Eletra),PRODUTO,DIVERSOS - CABO,"CABO SOLAR 1,8 KV CC PRETO"
9110913000,EM,CS03,FITA DE POLIESTER,MT,10102,7,  24.000 , - ,  24.000 ,"R$ 4.651,20",-,LIVOLTEK - VENDAS,,Fortaleza (Eletra),,DIVERSOS,FITA DE POLIESTER
9120821321,MP,MP03,ELETRODUTO SUBTERRANEO CORRUGADO FLEXIVEL 1 POLEGADA,MT,10102,7,  6 , - ,  6 ,"R$ 8,99",-,LIVOLTEK - VENDAS,,Fortaleza (Eletra),,DIVERSOS,ELETRODUTO SUBTERRANEO CORRUGADO FLEXIVEL 1 POLEGADA
9121260800,MP,MP07,"CABO FLEXIVEL CL4 1KV HEPR 90°C VEIAS COLOR. PT 3 X 2,5MM",MT,10102,7,  10.593 ,  97 ,  10.496 ,"R$ 59.478,64","544,65",LIVOLTEK - VENDAS,,Fortaleza (Eletra),PRODUTO,DIVERSOS - CABO,"CABO FLEXIVEL CL4 1KV HEPR 90°C VEIAS COLOR. PT 3 X 2,5MM"
9121260801,MP,MP07,CABO FLEXIVEL 1KV SIL PT 3 X 4MM,MT,10102,7,  6.711 , - ,  6.711 ,"R$ 59.245,38",-,LIVOLTEK - VENDAS,,Fortaleza (Eletra),PRODUTO,DIVERSOS - CABO,CABO FLEXIVEL 1KV SIL PT 3 X 4MM
9121290202,MP,MP07,"CABO SOLAR 4MM² ISOLACAO 1,8KVCC 90°C - COR PRETO",MT,10102,7,  85 , - ,  85 ,"R$ 288,80",-,LIVOLTEK - VENDAS,,Fortaleza (Eletra),PRODUTO,KIT SOLAR - CABO,"CABO SOLAR 4MM² ISOLACAO 1,8KVCC 90°C - COR PRETO"
9121290203,MP,MP07,"CABO SOLAR 4MM² ISOLACAO 1,8KVCC 90°C - COR VERMELHO",MT,10102,7,  85 , - ,  85 ,"R$ 288,80",-,LIVOLTEK - VENDAS,,Fortaleza (Eletra),PRODUTO,KIT SOLAR - CABO,"CABO SOLAR 4MM² ISOLACAO 1,8KVCC 90°C - COR VERMELHO"
9121290220,MP,MP07,"CABRNAX 90°C 1KV 4,0MM AZUL BB",MT,10102,7,  1.744 , - ,  1.744 ,"R$ 4.642,53",-,LIVOLTEK - VENDAS,,Fortaleza (Eletra),,DIVERSOS,"CABRNAX 90°C 1KV 4,0MM AZUL BB"
9121290221,MP,MP07,"CABRNAX 90°C 1KV 4,0MM PRETO BB",MT,10102,7,  737 , - ,  737 ,"R$ 1.999,33",-,LIVOLTEK - VENDAS,,Fortaleza (Eletra),,DIVERSOS,"CABRNAX 90°C 1KV 4,0MM PRETO BB"
9121290222,MP,MP07,CABO COBRE 1 X 6MM² ISOLACAO 1 KV 90°C - COR VERDE COM AMARELO,MT,10102,7,  243 , - ,  243 ,"R$ 1.072,16",-,LIVOLTEK - VENDAS,,Fortaleza (Eletra),PRODUTO,DIVERSOS - CABO,CABO COBRE 1 X 6MM² ISOLACAO 1 KV 90°C - COR VERDE COM AMARELO
9121290223,MP,MP07,"CABRNAX 90°C 1KV 16,0MM VERMELHO BB",MT,10102,7,  308 , - ,  308 ,"R$ 3.104,62",-,LIVOLTEK - VENDAS,,Fortaleza (Eletra),,DIVERSOS,"CABRNAX 90°C 1KV 16,0MM VERMELHO BB"
9121290224,MP,MP07,"CABRNAX 90°C 1KV 16,0MM PRETO BB",MT,10102,7,  348 , - ,  348 ,"R$ 3.475,74",-,LIVOLTEK - VENDAS,,Fortaleza (Eletra),,DIVERSOS,"CABRNAX 90°C 1KV 16,0MM PRETO BB"
9121500218,RV,RV01,CABO FOTOVOLTAICO VERMELHO: 6MM2 COOPER + ESTANHADO,MT,10102,7,  10.016 , - ,  10.016 ,"R$ 36.821,82",-,LIVOLTEK - VENDAS,,Fortaleza (Eletra),PRODUTO,KIT SOLAR - CABO,CABO FOTOVOLTAICO VERMELHO: 6MM2 COOPER + ESTANHADO
9121500219,RV,RV01,CABO FOTOVOLTAICO PRETO: 6MM2 COOPER + ESTANHADO,MT,10102,7,  10.024 , - ,  10.024 ,"R$ 36.851,23",-,LIVOLTEK - VENDAS,,Fortaleza (Eletra),PRODUTO,KIT SOLAR - CABO,CABO FOTOVOLTAICO PRETO: 6MM2 COOPER + ESTANHADO
9192220334,MC,MR01,CABO DE ALUMINIO 185MM² COBERTO XLPE 15 KV CLASSE 2,MT,10102,7,  80 , - ,  80 ,"R$ 1.331,39",-,LIVOLTEK - VENDAS,,Fortaleza (Eletra),PRODUTO,DIVERSOS - CABO,CABO DE ALUMINIO 185MM² COBERTO XLPE 15 KV CLASSE 2
9192220335,MC,MR01,CABO DE ALUMINIO 70 MM² COBERTO XLPE 15 KV CLASSE 2,MT,10102,7,  46 , - ,  46 ,"R$ 329,02",-,LIVOLTEK - VENDAS,,Fortaleza (Eletra),PRODUTO,DIVERSOS - CABO,CABO DE ALUMINIO 70 MM² COBERTO XLPE 15 KV CLASSE 2
9192220336,MC,MR01,"CABO DE COBRE FLEXIVEL 120MM² EPR OU XLPE CLASSE 5 0,6/1 KV",MT,10102,7,  15 , - ,  15 ,"R$ 1.443,30",-,LIVOLTEK - VENDAS,,Fortaleza (Eletra),PRODUTO,DIVERSOS - CABO,"CABO DE COBRE FLEXIVEL 120MM² EPR OU XLPE CLASSE 5 0,6/1 KV"
9192220337,MC,MR01,"CABO DE COBRE FLEXIVEL 25MM² EPR OU XLPE CLASSE 5 0,6/1 KV",MT,10102,7,  78 , - ,  78 ,"R$ 1.402,64",-,LIVOLTEK - VENDAS,,Fortaleza (Eletra),PRODUTO,DIVERSOS - CABO,"CABO DE COBRE FLEXIVEL 25MM² EPR OU XLPE CLASSE 5 0,6/1 KV"
9192220338,MC,MR01,CABO DE COBRE 35MM² EPR 8.7/15 KV CLASSE 2,MT,10102,7,  47 , - ,  47 ,"R$ 5.228,80",-,LIVOLTEK - VENDAS,,Fortaleza (Eletra),PRODUTO,DIVERSOS - CABO,CABO DE COBRE 35MM² EPR 8.7/15 KV CLASSE 2
9192220339,MC,MR01,"CABO DE COBRE FLEXIVEL 16MM² EPR OU XLPE CLASSE 5 0,6/1 KV",MT,10102,7,  40 , - ,  40 ,"R$ 1.008,31",-,LIVOLTEK - VENDAS,,Fortaleza (Eletra),PRODUTO,DIVERSOS - CABO,"CABO DE COBRE FLEXIVEL 16MM² EPR OU XLPE CLASSE 5 0,6/1 KV"
3090515080,MP,PT01,CABO ESPECIAL DE COMUNICACAO ENTRE BATERIA E INVERSOR,PC,10102,7,  100 , - ,  100 ,"R$ 573,59",-,LIVOLTEK - VENDAS,,Fortaleza (Eletra),PRODUTO,DIVERSOS - CABO,CABO ESPECIAL DE COMUNICACAO ENTRE BATERIA E INVERSOR
525030101001,RV,RV01,ACESSORIO CARREGADOR VEICULAR | CC | MC | GERENCIADOR DE CABOS TIPO HASTE POR MOLA | LIVOLTEK | 40/60KW,PC,10102,7,  40 , - ,  40 ,"R$ 25.496,97",-,LIVOLTEK - VENDAS,,Fortaleza (Eletra),PRODUTO,CARREGADOR - ACESSÓRIO,ACESSORIO CARREGADOR VEICULAR | CC | MC | GERENCIADOR DE CABOS TIPO HASTE POR MOLA | LIVOLTEK | 40/60KW
525030103001,RV,RV01,ACESSORIO CARREGADOR VEICULAR | CC | MC | ABRACADEIRA DO GERENCIADOR DE CABOS POR MOLA | LIVOLTEK | 40/60KW,PC,10102,7,  40 , - ,  40 ,"R$ 952,22",-,LIVOLTEK - VENDAS,,Fortaleza (Eletra),PRODUTO,CARREGADOR - ACESSÓRIO,ACESSORIO CARREGADOR VEICULAR | CC | MC | ABRACADEIRA DO GERENCIADOR DE CABOS POR MOLA | LIVOLTEK | 40/60KW
9120450500,MP,MP04,TAMPA P/ CONECTOR DE PASSAGEM 4-10MM CZ,PC,10102,7,  240 , - ,  240 ,"R$ 324,00",-,LIVOLTEK - VENDAS,,Fortaleza (Eletra),,DIVERSOS,TAMPA P/ CONECTOR DE PASSAGEM 4-10MM CZ
9120670122,MP,MP08,CONECTOR EMENDA 3 POLOS 6MM,PC,10102,7,  2.089 , - ,  2.089 ,"R$ 9.032,84",-,LIVOLTEK - VENDAS,,Fortaleza (Eletra),PRODUTO,DIVERSOS - CONECTOR,CONECTOR EMENDA 3 POLOS 6MM
9120670123,MP,MP08,CONECTOR EMENDA 5 POLOS 6MM,PC,10102,7,  211 , - ,  211 ,"R$ 1.247,16",-,LIVOLTEK - VENDAS,,Fortaleza (Eletra),PRODUTO,DIVERSOS - CONECTOR,CONECTOR EMENDA 5 POLOS 6MM
9120670125,MP,MP07,BORNE PUSH-IN 6MM² 3P COR CINZA 40A,PC,10102,7,  500 , - ,  500 ,"R$ 1.476,70",-,LIVOLTEK - VENDAS,,Fortaleza (Eletra),,DIVERSOS,BORNE PUSH-IN 6MM² 3P COR CINZA 40A
9120690106,MP,MP04,ABRACADEIRA PLASTICA NYLON 300 MM X 8 MM BRANCA,PC,10102,7,  400 , - ,  400 ,"R$ 280,40",-,LIVOLTEK - VENDAS,,Fortaleza (Eletra),,DIVERSOS,ABRACADEIRA PLASTICA NYLON 300 MM X 8 MM BRANCA
9120694040,MP,MP07,MINIDISJUNTOR UNIPOLAR 3KA CURVA C 20A,PC,10102,7,  212 , - ,  212 ,"R$ 1.280,40",-,LIVOLTEK - VENDAS,,Fortaleza (Eletra),,DIVERSOS,MINIDISJUNTOR UNIPOLAR 3KA CURVA C 20A
9120694041,MP,MP07,MINIDISJUNTOR UNIPOLAR 3KA CURVA C 10A,PC,10102,7,  616 , - ,  616 ,"R$ 3.705,98",-,LIVOLTEK - VENDAS,,Fortaleza (Eletra),,DIVERSOS,MINIDISJUNTOR UNIPOLAR 3KA CURVA C 10A
9120694042,MP,MP07,DISJUNTOR BIPOLAR SDD62C40 3KA 40A,PC,10102,7,  100 , - ,  100 ,"R$ 2.564,23",-,LIVOLTEK - VENDAS,,Fortaleza (Eletra),,DIVERSOS,DISJUNTOR BIPOLAR SDD62C40 3KA 40A
9120694043,MP,MP07,DISJUNTOR BIPOLAR SD62 CURVA C 3KA 63A,PC,10102,7,  100 , - ,  100 ,"R$ 3.781,01",-,LIVOLTEK - VENDAS,,Fortaleza (Eletra),,DIVERSOS,DISJUNTOR BIPOLAR SD62 CURVA C 3KA 63A
9120694044,MP,MP07,DISJUNTOR MONO SDD61C20 3KA 20A,PC,10102,7,  100 , - ,  100 ,"R$ 592,42",-,LIVOLTEK - VENDAS,,Fortaleza (Eletra),,DIVERSOS,DISJUNTOR MONO SDD61C20 3KA 20A
9120901014,MP,MP08,POSTE FINAL BORNE K SKEW35,PC,10102,7,  1.056 , - ,  1.056 ,"R$ 1.322,32",-,LIVOLTEK - VENDAS,,Fortaleza (Eletra),,DIVERSOS,POSTE FINAL BORNE K SKEW35
9121260606,MP,MP03,"TERMINAL TUBULAR ILHOS DUPLO 2,5MM",PC,10102,7,  627 , - ,  627 ,"R$ 182,27",-,LIVOLTEK - VENDAS,,Fortaleza (Eletra),,DIVERSOS,"TERMINAL TUBULAR ILHOS DUPLO 2,5MM"
9121260608,MP,MP03,TERM.ILH TUB.LJ DPL.ISO. CT-3709 4MM,PC,10102,7,  1.511 , - ,  1.511 ,"R$ 994,69",-,LIVOLTEK - VENDAS,,Fortaleza (Eletra),,DIVERSOS,TERM.ILH TUB.LJ DPL.ISO. CT-3709 4MM
9121260610,MP,MP03,TERMINAL COMPRESSAO M.MAGNET (6306) 16MM,PC,10102,7,  250 , - ,  250 ,"R$ 315,80",-,LIVOLTEK - VENDAS,,Fortaleza (Eletra),,DIVERSOS,TERMINAL COMPRESSAO M.MAGNET (6306) 16MM
9121260620,MP,MP03,"BARRAMENTO NEUTRO 06 TERM AZUL FIX 70, 0MM SBN6",PC,10102,7,  247 , - ,  247 ,"R$ 2.857,89",-,LIVOLTEK - VENDAS,,Fortaleza (Eletra),,DIVERSOS,"BARRAMENTO NEUTRO 06 TERM AZUL FIX 70, 0MM SBN6"
9121260621,MP,MP03,"BARRAMENTO TERRA 06 TERM VERDE FIX 70, 0MM SBT6",PC,10102,7,  245 , - ,  245 ,"R$ 3.083,47",-,LIVOLTEK - VENDAS,,Fortaleza (Eletra),,DIVERSOS,"BARRAMENTO TERRA 06 TERM VERDE FIX 70, 0MM SBT6"
9121260622,MP,MP03,BARRAMENTO TIPO ALCA COM 8 PARAFUSOS M + 2 PARAFUSO M8,PC,10102,7,  31 , - ,  31 ,"R$ 254,43",-,LIVOLTEK - VENDAS,,Fortaleza (Eletra),,DIVERSOS,BARRAMENTO TIPO ALCA COM 8 PARAFUSOS M + 2 PARAFUSO M8
9121290235,MP,MP08,LAMPADA DE LED 9W MODELO BULBO COM ROSCA E27 6500K BIVOLT,PC,10102,7,  242 , - ,  242 ,"R$ 665,04",-,LIVOLTEK - VENDAS,,Fortaleza (Eletra),,DIVERSOS,LAMPADA DE LED 9W MODELO BULBO COM ROSCA E27 6500K BIVOLT
9121290240,MP,MP07,QUADRO DE DISTRIBUICAO EM PVC DE CIRCUITO ELETRICO DO TIPO SOBREPOR PARA ATE 4 DISJUNTORES COM TRILHO DIN,PC,10102,7,  193 , - ,  193 ,"R$ 4.462,10",-,LIVOLTEK - VENDAS,,Fortaleza (Eletra),,DIVERSOS,QUADRO DE DISTRIBUICAO EM PVC DE CIRCUITO ELETRICO DO TIPO SOBREPOR PARA ATE 4 DISJUNTORES COM TRILHO DIN
9121290242,MP,MP07,CAIXA PVC RETANGULAR AM 4 X 2,PC,10102,7,  1.240 , - ,  1.240 ,"R$ 1.226,11",-,LIVOLTEK - VENDAS,,Fortaleza (Eletra),,DIVERSOS,CAIXA PVC RETANGULAR AM 4 X 2
9121290243,MP,MP07,PLAFON SOBREPOR PVC NA COR BRANCO COM SOQUETE ROSCA E27,PC,10102,7,  183 , - ,  183 ,"R$ 542,85",-,LIVOLTEK - VENDAS,,Fortaleza (Eletra),,DIVERSOS,PLAFON SOBREPOR PVC NA COR BRANCO COM SOQUETE ROSCA E27
9121290244,MP,MP07,PLACA CEGA 4X2 C/ SUPORTE CANOA,PC,10102,7,  1.248 , - ,  1.248 ,"R$ 3.354,87",-,LIVOLTEK - VENDAS,,Fortaleza (Eletra),,DIVERSOS,PLACA CEGA 4X2 C/ SUPORTE CANOA
9121290281,MP,MP07,ABRACADEIRA PARA CABO PP,PC,10102,7,  3.914 , - ,  3.914 ,"R$ 2.552,32",-,LIVOLTEK - VENDAS,,Fortaleza (Eletra),,DIVERSOS,ABRACADEIRA PARA CABO PP
9121290290,MP,MP07,"HASTE TERRA S/ROS.BR.IH-858 5/8' X 2,4 0 MTS",PC,10102,7,  59 , - ,  59 ,"R$ 2.350,30",-,LIVOLTEK - VENDAS,,Fortaleza (Eletra),,DIVERSOS,"HASTE TERRA S/ROS.BR.IH-858 5/8' X 2,4 0 MTS"
9121290315,MP,MP07,CAIXA PVC OCTAGONAL PASSAGEM PARA TETO (SIGFI) - CAIXA DE LUZ OCTOFONAL 4X4 AMARELA (SIGFI),PC,10102,7,  887 , - ,  887 ,"R$ 2.300,70",-,LIVOLTEK - VENDAS,,Fortaleza (Eletra),,DIVERSOS,CAIXA PVC OCTAGONAL PASSAGEM PARA TETO (SIGFI) - CAIXA DE LUZ OCTOFONAL 4X4 AMARELA (SIGFI)
2080900350,MP,MP09,DISPOSITIVO DE PROTECAO CONTRA SURTOS (DPS) 670V PV20K-670 34*26*14MM,UN,10102,7,  1.300 , - ,  1.300 ,"R$ 10.130,12",-,LIVOLTEK - VENDAS,,Fortaleza (Eletra),,DIVERSOS,DISPOSITIVO DE PROTECAO CONTRA SURTOS (DPS) 670V PV20K-670 34*26*14MM
2140103240,MP,MP08,ANTENA FRP N (ZK) 902-928MHZ - 2DBI L285MM (2140103240),UN,10102,7,  311 , - ,  311 ,"R$ 6.299,71",-,LIVOLTEK - VENDAS,,Fortaleza (Eletra),,DIVERSOS,ANTENA FRP N (ZK) 902-928MHZ - 2DBI L285MM (2140103240)
3010913290,MP,MP09,MINI DISJUNTOR CC LIVOLTEK LTB2Z-63 2P 1000V 40A (LTB2Z-63 -40A) (3010913290),UN,10102,7,  142 , - ,  142 ,"R$ 3.660,55",-,LIVOLTEK - VENDAS,,Fortaleza (Eletra),,DIVERSOS,MINI DISJUNTOR CC LIVOLTEK LTB2Z-63 2P 1000V 40A (LTB2Z-63 -40A) (3010913290)
3010914640,MP,MP08,DISJUNTOR BIPOLAR CC 1000V 63A,UN,10102,7,  224 , - ,  224 ,"R$ 5.738,57",-,LIVOLTEK - VENDAS,,Fortaleza (Eletra),,DIVERSOS,DISJUNTOR BIPOLAR CC 1000V 63A
3010914690,MP,MP08,DISJUNTOR MONOPOLAR CA 415V 20A,UN,10102,7,  225 , - ,  225 ,"R$ 824,87",-,LIVOLTEK - VENDAS,,Fortaleza (Eletra),,DIVERSOS,DISJUNTOR MONOPOLAR CA 415V 20A
3012103830,MP,MP08,TERMINAL ELETRICO MC4 FEMEA,UN,10102,7,  6.390 , - ,  6.390 ,"R$ 10.947,99",-,LIVOLTEK - VENDAS,,Fortaleza (Eletra),,DIVERSOS,TERMINAL ELETRICO MC4 FEMEA
3012103860,MP,MP08,CONECTOR MC4 MACHO,UN,10102,7,  6.748 , - ,  6.748 ,"R$ 8.152,93",-,LIVOLTEK - VENDAS,,Fortaleza (Eletra),PRODUTO,KIT SOLAR - CONECTOR,CONECTOR MC4 MACHO
3012103890,MP,MP08,CONECTOR MC4 FEMEA,UN,10102,7,  6.617 , - ,  6.617 ,"R$ 5.602,61",-,LIVOLTEK - VENDAS,,Fortaleza (Eletra),PRODUTO,KIT SOLAR - CONECTOR,CONECTOR MC4 FEMEA
3012103900,MP,MP08,TERMINAL ELETRICO MC4 MACHO,UN,10102,7,  6.303 , - ,  6.303 ,"R$ 7.685,88",-,LIVOLTEK - VENDAS,,Fortaleza (Eletra),,DIVERSOS,TERMINAL ELETRICO MC4 MACHO
3013000870,MP,MP07,INTERRUPTOR SECCIONADOR DC PEDS150H-HM50-6F,UN,10102,7,  1.000 , - ,  1.000 ,"R$ 52.093,20",-,LIVOLTEK - VENDAS,,Fortaleza (Eletra),,DIVERSOS,INTERRUPTOR SECCIONADOR DC PEDS150H-HM50-6F
3013100020,MP,MP07,INTERRUPTOR SECCIONADOR DC PEDS150-HM3,UN,10102,7,  2.100 , - ,  2.100 ,"R$ 68.420,10",-,LIVOLTEK - VENDAS,,Fortaleza (Eletra),,DIVERSOS,INTERRUPTOR SECCIONADOR DC PEDS150-HM3
3013200300,MP,MP09,DPS CC LIVOLTEK LSP-40 2P 600V 40KA (LSP-40/2) (3013200300),UN,10102,7,  350 , - ,  350 ,"R$ 10.275,72",-,LIVOLTEK - VENDAS,,Fortaleza (Eletra),,DIVERSOS,DPS CC LIVOLTEK LSP-40 2P 600V 40KA (LSP-40/2) (3013200300)
3013200360,MP,MP07,DISPOSITIVO DE PROTECAO CONTRA SURTOS DPS CLASSE II 275V QUADRIPOLAR,UN,10102,7,  441 , - ,  441 ,"R$ 4.492,25",-,LIVOLTEK - VENDAS,,Fortaleza (Eletra),,DIVERSOS,DISPOSITIVO DE PROTECAO CONTRA SURTOS DPS CLASSE II 275V QUADRIPOLAR
3013603080,MP,MP07,TRANSFORMADOR DE CORRENTE BH50I-1000A/5A MONOFASICO CLASSE 0.5,UN,10102,7,  48 , - ,  48 ,"R$ 1.789,30",-,LIVOLTEK - VENDAS,,Fortaleza (Eletra),,DIVERSOS,TRANSFORMADOR DE CORRENTE BH50I-1000A/5A MONOFASICO CLASSE 0.5
3030702210,MP,MP03,PARAFUSO DE EXPANSAO M6*60 ACO INOXIDAVEL SUS304 MEIA ROSCA (3030702210),UN,10102,7,  622 , - ,  622 ,"R$ 682,65",-,LIVOLTEK - VENDAS,,Fortaleza (Eletra),,DIVERSOS,PARAFUSO DE EXPANSAO M6*60 ACO INOXIDAVEL SUS304 MEIA ROSCA (3030702210)
3042302970,MP,MP07,CONECTOR TERMINAL PRE-ISOLADO SIMPLES ESTANHADO ISOLADO 750V,UN,10102,7,  2.240 , - ,  2.240 ,"R$ 210,78",-,LIVOLTEK - VENDAS,,Fortaleza (Eletra),PRODUTO,DIVERSOS - CONECTOR,CONECTOR TERMINAL PRE-ISOLADO SIMPLES ESTANHADO ISOLADO 750V
3042305120,MP,MP03,TERMINAL TUBULAR 6MM² ISOLADO 12MM (E6012) (3042305120),UN,10102,7,  3.258 , - ,  3.258 ,"R$ 142,37",-,LIVOLTEK - VENDAS,,Fortaleza (Eletra),,DIVERSOS,TERMINAL TUBULAR 6MM² ISOLADO 12MM (E6012) (3042305120)
3042306070,MP,MP07,CONECTOR TERMINAL ILHOS TUBULAR 4-6MM² 750V,UN,10102,7,  3.177 , - ,  3.177 ,"R$ 225,57",-,LIVOLTEK - VENDAS,,Fortaleza (Eletra),PRODUTO,DIVERSOS - CONECTOR,CONECTOR TERMINAL ILHOS TUBULAR 4-6MM² 750V
3051506010,MP,MP03,"SUPORTE DE MONTAGEM (LONGO) SUS304 DE ACO INOXIDAVEL 1,2 MM 224×60×102MM 30515-EA7 (3051506010)",UN,10102,7,  311 , - ,  311 ,"R$ 2.453,35",-,LIVOLTEK - VENDAS,,Fortaleza (Eletra),,DIVERSOS,"SUPORTE DE MONTAGEM (LONGO) SUS304 DE ACO INOXIDAVEL 1,2 MM 224×60×102MM 30515-EA7 (3051506010)"
3051701630,MP,MP03,"ARO SUS304 DE ACO INOXIDAVEL 0,3MM 1100*10MM 30517-BXI-03 FORMA DE DENTE (3051701630)",UN,10102,7,  311 , - ,  311 ,"R$ 191,11",-,LIVOLTEK - VENDAS,,Fortaleza (Eletra),,DIVERSOS,"ARO SUS304 DE ACO INOXIDAVEL 0,3MM 1100*10MM 30517-BXI-03 FORMA DE DENTE (3051701630)"
3061700120,MP,MP07,POSTE FINAL PARA TRILHO DIN,UN,10102,7,  1.370 , - ,  1.370 ,"R$ 185,91",-,LIVOLTEK - VENDAS,,Fortaleza (Eletra),,DIVERSOS,POSTE FINAL PARA TRILHO DIN
6001016490,RV,RV01,"MODULO DE ACUMULADORES ELETRICOS LEOCH 7,2KWH 48V 150AH",UN,10102,7,  100 , - ,  100 ,"R$ 480.181,00",-,LIVOLTEK - VENDAS,,Fortaleza (Eletra),,DIVERSOS,"MODULO DE ACUMULADORES ELETRICOS LEOCH 7,2KWH 48V 150AH"
8010300780,MP,MP07,"CABO SOLAR 1,8 KV CC VERMELHO",UN,10102,7,  1.520 , - ,  1.520 ,"R$ 3.930,72",-,LIVOLTEK - VENDAS,,Fortaleza (Eletra),PRODUTO,KIT SOLAR - CABO,"CABO SOLAR 1,8 KV CC VERMELHO"
8010400610,MP,MP08,BORNE PUSH IN 3P 6MM PARA TRILHO DIN 1000V 41A,UN,10102,7,  816 , - ,  816 ,"R$ 2.422,54",-,LIVOLTEK - VENDAS,,Fortaleza (Eletra),,DIVERSOS,BORNE PUSH IN 3P 6MM PARA TRILHO DIN 1000V 41A
8010400620,MP,MP08,BORNE DUPLO 2 CONEXOES 6MM² PARA TRILHO DIN 1000V 41A,UN,10102,7,  880 , - ,  880 ,"R$ 1.380,54",-,LIVOLTEK - VENDAS,,Fortaleza (Eletra),,DIVERSOS,BORNE DUPLO 2 CONEXOES 6MM² PARA TRILHO DIN 1000V 41A
8010400640,MP,MP03,GRAMPO DE COBRE PARA HASTE DE ATERRAMENTO 5/8,UN,10102,7,  224 , - ,  224 ,"R$ 935,22",-,LIVOLTEK - VENDAS,,Fortaleza (Eletra),,DIVERSOS,GRAMPO DE COBRE PARA HASTE DE ATERRAMENTO 5/8
8010400650,MP,MP07,CONECTOR TERMINAL OLHAL 16MM² 750V,UN,10102,7,  753 , - ,  753 ,"R$ 640,95",-,LIVOLTEK - VENDAS,,Fortaleza (Eletra),PRODUTO,DIVERSOS - CONECTOR,CONECTOR TERMINAL OLHAL 16MM² 750V
8010400660,MP,MP07,CONECTOR TERMINAL COMPRESSAO 16MM² TIPO PINO CHATO 750V,UN,10102,7,  888 , - ,  888 ,"R$ 938,70",-,LIVOLTEK - VENDAS,,Fortaleza (Eletra),PRODUTO,DIVERSOS - CONECTOR,CONECTOR TERMINAL COMPRESSAO 16MM² TIPO PINO CHATO 750V
8010500480,MP,MP03,CHAPA DE ACO METALICA DE 1.6M²,UN,10102,7,  397 , - ,  397 ,"R$ 22.335,66",-,LIVOLTEK - VENDAS,,Fortaleza (Eletra),,DIVERSOS,CHAPA DE ACO METALICA DE 1.6M²
8010500490,MP,MP03,PARAFUSO AUTOPERFURANTE M6*20MM SEXTAVADO GALVANIZACAO ZINCADO ROSCA COMPLETA,UN,10102,7,  4.100 , - ,  4.100 ,"R$ 1.142,26",-,LIVOLTEK - VENDAS,,Fortaleza (Eletra),,DIVERSOS,PARAFUSO AUTOPERFURANTE M6*20MM SEXTAVADO GALVANIZACAO ZINCADO ROSCA COMPLETA
8040101110,RV,RV01,MODULO FOTOVOLTAICO 700WP BIFACIAL HJT RISEN (RSM132-8-700BHDG),UN,10102,7,  1.759 , - ,  1.759 ,"R$ 779.550,45",-,LIVOLTEK - VENDAS,,Fortaleza (Eletra),PRODUTO,KIT SOLAR - PLACA SOLAR,MODULO FOTOVOLTAICO 700WP BIFACIAL HJT RISEN (RSM132-8-700BHDG)
8990011950,MP,MP07,INTERRUPTOR SECCIONADOR PARA MANOBRA DE CIRCUITOS ATE 1000 V EM SISTEMAS DE DISTRIBUICAO,UN,10102,7,  1 , - ,  1 ,"R$ 4.420,05",-,LIVOLTEK - VENDAS,,Fortaleza (Eletra),,DIVERSOS,INTERRUPTOR SECCIONADOR PARA MANOBRA DE CIRCUITOS ATE 1000 V EM SISTEMAS DE DISTRIBUICAO
8990020470,MP,MP08,CONTATOR ELETRICO PARA COMANDO DE CIRCUITOS E CONTROLE DE GERADORES ATE 1000 V,UN,10102,7,  1 , - ,  1 ,"R$ 8.541,64",-,LIVOLTEK - VENDAS,,Fortaleza (Eletra),,DIVERSOS,CONTATOR ELETRICO PARA COMANDO DE CIRCUITOS E CONTROLE DE GERADORES ATE 1000 V
8990025110,MP,MP08,"TRANSFORMADOR DE CORRENTE 1000/5 A CLASSE 0,2S 5 VA",UN,10102,7,  12 , - ,  12 ,"R$ 2.982,16",-,LIVOLTEK - VENDAS,,Fortaleza (Eletra),,DIVERSOS,"TRANSFORMADOR DE CORRENTE 1000/5 A CLASSE 0,2S 5 VA"
9120258608,MP,MP03,"CHAPA DE ACO 1,6 MM² 60CM X 60CM",UN,10102,7,  89 , - ,  89 ,"R$ 21.066,25",-,LIVOLTEK - VENDAS,,Fortaleza (Eletra),,DIVERSOS,"CHAPA DE ACO 1,6 MM² 60CM X 60CM"
9120265127,MP,MP03,"PORCA INOX SEXTAVADA CHAVE 14, 3/8 - M14",UN,10102,7,  1.495 , - ,  1.495 ,"R$ 2.108,25",-,LIVOLTEK - VENDAS,,Fortaleza (Eletra),,DIVERSOS,"PORCA INOX SEXTAVADA CHAVE 14, 3/8 - M14"
9120292203,MP,MP03,ABRACADEIRA GALVANZIADA PARA 1 POLEGADA COM CUNHA,UN,10102,7,  160 , - ,  160 ,"R$ 118,54",-,LIVOLTEK - VENDAS,,Fortaleza (Eletra),,DIVERSOS,ABRACADEIRA GALVANZIADA PARA 1 POLEGADA COM CUNHA
9120292408,MP,MP03,ARRUELA INOX LISA M14,UN,10102,7,  145 , - ,  145 ,"R$ 26,17",-,LIVOLTEK - VENDAS,,Fortaleza (Eletra),,DIVERSOS,ARRUELA INOX LISA M14
9120292409,MP,MP03,ARRUELA INOX DE PRESSAO M14,UN,10102,7,  545 , - ,  545 ,"R$ 84,91",-,LIVOLTEK - VENDAS,,Fortaleza (Eletra),,DIVERSOS,ARRUELA INOX DE PRESSAO M14
9120454600,MP,MP04,LACRE DE SEGURANCA TRANK 4 (SEM PAV) - ELETRA,UN,10102,7,  110 , - ,  110 ,"R$ 43,87",-,LIVOLTEK - VENDAS,,Fortaleza (Eletra),,DIVERSOS,LACRE DE SEGURANCA TRANK 4 (SEM PAV) - ELETRA
9120590570,MP,MP03,TORRE METALICA PARA 2 MODULOS FV (SIGFI),UN,10102,7,  94 , - ,  94 ,"R$ 174.399,39",-,LIVOLTEK - VENDAS,,Fortaleza (Eletra),,DIVERSOS,TORRE METALICA PARA 2 MODULOS FV (SIGFI)
9120590571,MP,MP03,TORRE METALICA PARA 3 MODULOS FV (SIGFI),UN,10102,7,  5 , - ,  5 ,"R$ 9.514,85",-,LIVOLTEK - VENDAS,,Fortaleza (Eletra),,DIVERSOS,TORRE METALICA PARA 3 MODULOS FV (SIGFI)
9120590572,MP,MP03,TORRE METALICA PARA 4 MODULOS FV (SIGFI),UN,10102,7,  15 , - ,  15 ,"R$ 29.610,30",-,LIVOLTEK - VENDAS,,Fortaleza (Eletra),,DIVERSOS,TORRE METALICA PARA 4 MODULOS FV (SIGFI)
9120691416,MP,MP07,PROTETOR DE SURTO CLASSE II S/ SINALIZACAO REMOTA275VCA IN=20KA IMAX=45KA,UN,10102,7,  200 , - ,  200 ,"R$ 5.770,24",-,LIVOLTEK - VENDAS,,Fortaleza (Eletra),,DIVERSOS,PROTETOR DE SURTO CLASSE II S/ SINALIZACAO REMOTA275VCA IN=20KA IMAX=45KA
9120692066,RV,RV01,INVERSOR ON-GRID LIVOLTEK GT1-3K6D1,UN,10102,7,  12 , - ,  12 ,"R$ 23.862,61",-,LIVOLTEK - VENDAS,,Fortaleza (Eletra),PRODUTO,INVERSOR - GT1,GT1-3K6D1
9121166303,MP,MP03,PARAFUSO CABECA SEXTAVADA EM ACO INOX M13*30MM,UN,10102,7,  290 , - ,  290 ,"R$ 411,63",-,LIVOLTEK - VENDAS,,Fortaleza (Eletra),,DIVERSOS,PARAFUSO CABECA SEXTAVADA EM ACO INOX M13*30MM
9121182040,MP,MP03,"PARAFUSO CAB.CHATA PHS 4,8X50MM D8",UN,10102,7,  741 , - ,  741 ,"R$ 205,18",-,LIVOLTEK - VENDAS,,Fortaleza (Eletra),,DIVERSOS,"PARAFUSO CAB.CHATA PHS 4,8X50MM D8"
9121183801,MP,MP03,PARAFUSO AUTOBROCANTE M6 X 20MM,UN,10102,7,  296 , - ,  296 ,"R$ 65,50",-,LIVOLTEK - VENDAS,,Fortaleza (Eletra),,DIVERSOS,PARAFUSO AUTOBROCANTE M6 X 20MM
9121260605,MP,MP03,"TERMINAL TUBULAR ILHOS PRE ISOLADO 2,5MM",UN,10102,7,  1.132 , - ,  1.132 ,"R$ 162,89",-,LIVOLTEK - VENDAS,,Fortaleza (Eletra),,DIVERSOS,"TERMINAL TUBULAR ILHOS PRE ISOLADO 2,5MM"
9121260607,MP,MP03,TERM.ILHOS TUB.CZ 692815 4MM,UN,10102,7,  134 , - ,  134 ,"R$ 16,96",-,LIVOLTEK - VENDAS,,Fortaleza (Eletra),,DIVERSOS,TERM.ILHOS TUB.CZ 692815 4MM
9121260612,MP,MP03,TERMINAL TUBULAR ILHOS DUPLO PRE-ISOLADO 6MM,UN,10102,7,  1.907 , - ,  1.907 ,"R$ 990,31",-,LIVOLTEK - VENDAS,,Fortaleza (Eletra),,DIVERSOS,TERMINAL TUBULAR ILHOS DUPLO PRE-ISOLADO 6MM
9121260614,MP,MP03,TERMINAL OLHAL PRE ISOLADO PARA CABO 4-6MM²,UN,10102,7,  92 , - ,  92 ,"R$ 40,08",-,LIVOLTEK - VENDAS,,Fortaleza (Eletra),,DIVERSOS,TERMINAL OLHAL PRE ISOLADO PARA CABO 4-6MM²
9121290210,MP,MP03,"ESTRUTURA METALICA PARA TELHADO CERAMICO - PERFIL 2,40",UN,10102,7,  465 , - ,  465 ,"R$ 131.121,49",-,LIVOLTEK - VENDAS,,Fortaleza (Eletra),PRODUTO,KIT SOLAR - TELHADO,"ESTRUTURA METALICA PARA TELHADO CERAMICO - PERFIL 2,40"
9121290236,MP,MP08,CONJUNTO SOB. 1 TOM. 2P+T BC JERI PLUS 10A,UN,10102,7,  213 , - ,  213 ,"R$ 1.053,26",-,LIVOLTEK - VENDAS,,Fortaleza (Eletra),,DIVERSOS,CONJUNTO SOB. 1 TOM. 2P+T BC JERI PLUS 10A
9121290241,MP,MP07,INTERRUPTOR PARA ILUMINACAO RESIDENCIAL DE 1 TECLA SOBREPOR,UN,10102,7,  45 , - ,  45 ,"R$ 248,66",-,LIVOLTEK - VENDAS,,Fortaleza (Eletra),,DIVERSOS,INTERRUPTOR PARA ILUMINACAO RESIDENCIAL DE 1 TECLA SOBREPOR
9121290280,MP,MP07,BUCHA NYLON BRANCA DT-8 8MM,UN,10102,7,  4.226 , - ,  4.226 ,"R$ 384,57",-,LIVOLTEK - VENDAS,,Fortaleza (Eletra),,DIVERSOS,BUCHA NYLON BRANCA DT-8 8MM
9121290310,MP,MP07,CAIXA PRFV SIGFI-80,UN,10102,7,  64 , - ,  64 ,"R$ 64.817,28",-,LIVOLTEK - VENDAS,,Fortaleza (Eletra),,DIVERSOS,CAIXA PRFV SIGFI-80
9121500036,RV,RV01,"COLUNA DE FIXACAO, DE ACO, PARA MONTAGEM DE ESTRUTURA FIXA DE CARREGADOR VEICULAR",UN,10102,7,  17 , - ,  17 ,"R$ 4.163,99",-,LIVOLTEK - VENDAS,,Fortaleza (Eletra),,DIVERSOS,"COLUNA DE FIXACAO, DE ACO, PARA MONTAGEM DE ESTRUTURA FIXA DE CARREGADOR VEICULAR"
9122001687,MC,FE01,TERMINAL ELETRICO DO TIPO OLHAL DE COMPRESSAO PARA CABO 35MM² COM FURO 8MM,UN,10102,7,  50 , - ,  50 ,"R$ 90,75",-,LIVOLTEK - VENDAS,,Fortaleza (Eletra),,DIVERSOS,TERMINAL ELETRICO DO TIPO OLHAL DE COMPRESSAO PARA CABO 35MM² COM FURO 8MM
9122100023,AI,IM01,EMPILHADEIRA.,UN,10102,7,  1 , - ,  1 ,"R$ 165.595,00",-,LIVOLTEK - VENDAS,,Fortaleza (Eletra),,DIVERSOS,EMPILHADEIRA.
9191271061,RV,RV01,KIT TELHADO FIBROCIMENTO FIX MADE 200 MM 4 MODULOS STD,UN,10102,7,  2.196 , - ,  2.196 ,"R$ 533.827,40",-,LIVOLTEK - VENDAS,,Fortaleza (Eletra),PRODUTO,KIT SOLAR - TELHADO,KIT TELHADO FIBROCIMENTO FIX MADE 200 MM 4 MODULOS STD
9191271062,RV,RV01,KIT TELHADO FIBROMETAL FIX MTL 250 MM 4 MODULOS STD,UN,10102,7,  416 , - ,  416 ,"R$ 95.637,19",-,LIVOLTEK - VENDAS,,Fortaleza (Eletra),PRODUTO,KIT SOLAR - TELHADO,KIT TELHADO FIBROMETAL FIX MTL 250 MM 4 MODULOS STD
9191271063,RV,RV01,KIT MINI TRILHO BAIXO P-1 PARA 4 MODULOS 300 MM,UN,10102,7,  252 , - ,  252 ,"R$ 18.685,17",-,LIVOLTEK - VENDAS,,Fortaleza (Eletra),PRODUTO,KIT SOLAR - TELHADO,KIT MINI TRILHO BAIXO P-1 PARA 4 MODULOS 300 MM
9191271064,RV,RV01,TRIANGULO RETRATO TELESCOPIO 4 MODULOS 15° A 30° LAJE,UN,10102,7,  42 , - ,  42 ,"R$ 25.692,48",-,LIVOLTEK - VENDAS,,Fortaleza (Eletra),,KIT SOLAR - TELHADO,TRIANGULO RETRATO TELESCOPIO 4 MODULOS 15° A 30° LAJE
9191271065,RV,RV01,KIT SOLO EASY LINE 4 MODULOS - 1134X2279,UN,10102,7,  799 , - ,  799 ,"R$ 500.092,18",-,LIVOLTEK - VENDAS,,Fortaleza (Eletra),PRODUTO,KIT SOLAR - SOLO,KIT SOLO EASY LINE 4 MODULOS - 1134X2279
9192219832,RV,RV01,KIT TELHADO FIBROCIMENTO P/ MADEIRA METALLIGHT 4 MODULOS STD,UN,10102,7,  667 , - ,  667 ,"R$ 193.212,49",-,LIVOLTEK - VENDAS,,Fortaleza (Eletra),PRODUTO,KIT SOLAR - TELHADO,KIT TELHADO FIBROCIMENTO P/ MADEIRA METALLIGHT 4 MODULOS STD
9192219833,RV,RV01,KIT TELHADO FIBROCIMENTO P/ METALICO METALLIGHT 4 MODULOS STD,UN,10102,7,  440 , - ,  440 ,"R$ 127.456,56",-,LIVOLTEK - VENDAS,,Fortaleza (Eletra),PRODUTO,KIT SOLAR - TELHADO,KIT TELHADO FIBROCIMENTO P/ METALICO METALLIGHT 4 MODULOS STD
A0070230E11R11302,RV,RV01,CARREGADOR VEICULAR| LIVOLTEK | CA 7.3KW | ATOM | 230V | 32A | CABO 5M | 1XTIPO 2 | BT | WI-FI | ETH | HARDWARE A21 | BO,UN,10102,7,  213 , - ,  213 ,"R$ 213.832,55",-,LIVOLTEK - VENDAS,,Fortaleza (Eletra),PRODUTO,"CARREGADOR 7,3kW",CARREGADOR VEICULAR| LIVOLTEK | CA 7.3KW | ATOM | 230V | 32A | CABO 5M | 1XTIPO 2 | BT | WI-FI | ETH | HARDWARE A21 | BO
A0070230E11R11305,RV,RV01,CARREGADOR VEICULAR | LIVOLTEK | CA 7.3KW | ATOM | 230V | 32A | CABO 5M | 1XTIPO 2 | BT | WI-FI (FC41D) | BOTAO DE EMERG,UN,10102,7,  8 , - ,  8 ,"R$ 6.920,84",-,LIVOLTEK - VENDAS,,Fortaleza (Eletra),PRODUTO,"CARREGADOR 7,3kW",CARREGADOR VEICULAR | LIVOLTEK | CA 7.3KW | ATOM | 230V | 32A | CABO 5M | 1XTIPO 2 | BT | WI-FI (FC41D) | BOTAO DE EMERG
A0220400E11R11004,RV,RV01,CARREGADOR VEICULAR | LIVOLTEK | CA 22KW | ATOM | 400V | 32A | CABO 5M | 1XTIPO 2 | BT | WI-FI (FC41D) | BOTAO DE EMERGE,UN,10102,7,  33 , - ,  33 ,"R$ 40.120,24",-,LIVOLTEK - VENDAS,,Fortaleza (Eletra),PRODUTO,CARREGADOR 22kW,CARREGADOR VEICULAR | LIVOLTEK | CA 22KW | ATOM | 400V | 32A | CABO 5M | 1XTIPO 2 | BT | WI-FI (FC41D) | BOTAO DE EMERGE
AC1-AIOR11001,RV,RV01,CAIXA DE ALUMINIO FUNDIDO PARA ALOCACAO DE BATERIAS DE LITIO PARA USO EM INVERSORES FOTOVOLTAICOS,UN,10102,7,  60 , - ,  60 ,"R$ 33.475,41",-,LIVOLTEK - VENDAS,,Fortaleza (Eletra),MATÉRIA-PRIMA,DIVERSOS,CAIXA DE ALUMINIO FUNDIDO PARA ALOCACAO DE BATERIAS DE LITIO PARA USO EM INVERSORES FOTOVOLTAICOS
BHF-B51100R23001,RV,RV01,"MODULO DE BATERIA 5,12 KWH MODELO BHF-B51100",UN,10102,7,  10 , - ,  10 ,"R$ 35.043,83",-,LIVOLTEK - VENDAS,,Fortaleza (Eletra),,BATERIA - MÓDULO,"MODULO DE BATERIA 5,12 KWH MODELO BHF-B51100"
BHF-C01YDR12001,RV,RV01,MODULO DE CONTROLE DE BATERIA BHF-B51100,UN,10102,7,  2 , - ,  2 ,"R$ 5.855,03",-,LIVOLTEK - VENDAS,,Fortaleza (Eletra),,BATERIA - MÓDULO,MODULO DE CONTROLE DE BATERIA BHF-B51100
BHF-X261DR11001,MP,MP08,MODULO BHF-X261DR11001 MODULO DE BATERIA 832V 261KWH IP55 GABINETE UNICO,UN,10102,7,  1 , - ,  1 ,"R$ 102.911,39",-,LIVOLTEK - VENDAS,,Fortaleza (Eletra),,BATERIA,MODULO BHF-X261DR11001 MODULO DE BATERIA 832V 261KWH IP55 GABINETE UNICO
BHF-X261DR12001,MP,MP08,MODULO BHF-X261DR12001 MODULO DE BATERIA 832V 261KWH IP55 GABINETE UNICO,UN,10102,7,  15 , - ,  15 ,"R$ 1.622.113,07",-,LIVOLTEK - VENDAS,,Fortaleza (Eletra),,BATERIA,MODULO BHF-X261DR12001 MODULO DE BATERIA 832V 261KWH IP55 GABINETE UNICO
BLF-B51100R21001,RV,RV01,MODULO DE ACUMULADORES ELETRICOS 100AH (BLF-B51100R21001),UN,10102,7,  71 , - ,  71 ,"R$ 286.590,08",-,LIVOLTEK - VENDAS,,Fortaleza (Eletra),PRODUTO,BATERIA,MODULO DE ACUMULADORES ELETRICOS 100AH (BLF-B51100R21001)
BLF-B51100R22001,RV,RV01,"BATERIA DE LITIO 51,2V 100AH 5,12KWH BLF-B51100R22001",UN,10102,7,  35 , - ,  35 ,"R$ 118.020,56",-,LIVOLTEK - VENDAS,,Fortaleza (Eletra),PRODUTO,BATERIA,BLF-B51100R22001
BLF-B51150R11001,RV,RV01,"MODULOS DE ACUMULADORES ELETRICOS DE IONS DE LITIO(BATERIA DE LITIO 51,2V 150AH 7.68KWH BLF- B1150)",UN,10102,7,  2.282 ,  1 ,  2.281 ,"R$ 12.724.989,49","5.576,24",LIVOLTEK - VENDAS,,Fortaleza (Eletra),PRODUTO,BATERIA,"MODULOS DE ACUMULADORES ELETRICOS DE IONS DE LITIO(BATERIA DE LITIO 51,2V 150AH 7.68KWH BLF- B1150)"
BLF51-5R31001,RV,MP07,BATERIA RECARREGAVEL DE ION DE LITIO (BLF51-5R31001),UN,10102,7,  42 , - ,  42 ,"R$ 160.879,11",-,LIVOLTEK - VENDAS,,Fortaleza (Eletra),PRODUTO,BATERIA,BLF51-5R31001
C04010E2EAFER11003,RV,RV01,CARREGADOR VEICULAR | LIVOLTEK | CC 40KW | MC | 133A | 2XCCS2 | WALL-MOUNT | 4G (LATAM) | PPOS,UN,10102,7,  20 , - ,  20 ,"R$ 475.496,41",-,LIVOLTEK - VENDAS,,Fortaleza (Eletra),PRODUTO,CARREGADOR 40kW,CARREGADOR VEICULAR | LIVOLTEK | CC 40KW | MC | 133A | 2XCCS2 | WALL-MOUNT | 4G (LATAM) | PPOS
CS00000082,MC,CS03,GAS GLP ENVAZADO 20KG,UN,10102,7,  8 , - ,  8 ,"R$ 1.718,16",-,LIVOLTEK - VENDAS,,Fortaleza (Eletra),,DIVERSOS,GAS GLP ENVAZADO 20KG
D0300380E1EYW11001,RV,RV01,"D0301000E21 - CARREGADOR VEICULAR CC, POTENCIA NOMINAL DE 30KW, DIMENSOES 450 * 145 * 680 MM",UN,10102,7,  9 , - ,  9 ,"R$ 77.462,30",-,LIVOLTEK - VENDAS,,Fortaleza (Eletra),PRODUTO,CARREGADOR 30kW,"D0301000E21 - CARREGADOR VEICULAR CC, POTENCIA NOMINAL DE 30KW, DIMENSOES 450 * 145 * 680 MM"
DTSU2591R11001,MP,MP07,MEDIDOR DE ENERGIA DIGITAL TRIFASICO SMART METER PARA CORRENTE ALTERNADA,UN,10102,7,  16 , - ,  16 ,"R$ 1.560,05",-,LIVOLTEK - VENDAS,,Fortaleza (Eletra),,DIVERSOS,MEDIDOR DE ENERGIA DIGITAL TRIFASICO SMART METER PARA CORRENTE ALTERNADA
GT1-10KT2R11004,RV,RV01,INVERSORES PARA SISTEMAS FOTOVOLTAICOS ON-GRID GT1 -10KT2R11004,UN,10102,7,  185 ,  2 ,  183 ,"R$ 188.090,41","2.033,41",LIVOLTEK - VENDAS,,Fortaleza (Eletra),PRODUTO,INVERSOR - GT1,GT1 -10KT2R11004
GT1-6KD2R11008,RV,RV01,INVERSORES PARA SISTEMAS FOTOVOLTAICOS GT1-6KD2R11008,UN,10102,7,  22 ,  3 ,  19 ,"R$ 26.972,11","3.678,02",LIVOLTEK - VENDAS,,Fortaleza (Eletra),PRODUTO,INVERSOR - GT1,GT1-6KD2R11008
GT1-7K5T2R11002,RV,RV01,INVERSOR ON-GRID MONOFASICO GT1-7K5T2R11002 (GT1-7K5T2R11002),UN,10102,7,  166 ,  1 ,  165 ,"R$ 472.264,24","2.844,97",LIVOLTEK - VENDAS,,Fortaleza (Eletra),PRODUTO,INVERSOR - GT1,GT1-7K5T2R11002
GT3-100K-1R11002,RV,RV01,INVERSOR ON-GRID TRIFASICO GT3 -100K-1 380V AFCI,UN,10102,7,  18 , - ,  18 ,"R$ 238.678,52",-,LIVOLTEK - VENDAS,,Fortaleza (Eletra),PRODUTO,INVERSOR - GT3,GT3 -100K-1 380V AFCI
GT3-110K-1R11002,RV,RV01,INVERSOR ON-GRID TRIFASICO GT3 -110K-1 380V AFCI,UN,10102,7,  22 , - ,  22 ,"R$ 291.718,20",-,LIVOLTEK - VENDAS,,Fortaleza (Eletra),PRODUTO,INVERSOR - GT3,GT3 -110K-1 380V AFCI
GT3-125K-1R11002,RV,RV01,INVERSOR ON-GRID TRIFASICO GT3 -125K-1 380V AFCI,UN,10102,7,  17 , - ,  17 ,"R$ 226.209,06",-,LIVOLTEK - VENDAS,,Fortaleza (Eletra),PRODUTO,INVERSOR - GT3,GT3 -125K-1 380V AFCI
GT3-15KD1R11001,RV,RV01,INVERSOR FOTOVOLTAICO MODELO GT3-15KD1,UN,10102,7,  160 , - ,  160 ,"R$ 316.542,43",-,LIVOLTEK - VENDAS,,Fortaleza (Eletra),PRODUTO,INVERSOR - GT3,GT3-15KD1
GT3-15KD1R11008,RV,RV01,INVERSORES PARA SISTEMAS FOTOVOLTAICOS GT3-15KD1R11008,UN,10102,7,  79 ,  1 ,  78 ,"R$ 262.329,77","3.320,63",LIVOLTEK - VENDAS,,Fortaleza (Eletra),PRODUTO,INVERSOR - GT3,GT3-15KD1R11008
GT3-20KD1R11001,RV,RV01,INVERSOR FOTOVOLTAICO MODELO GT3 -20KD1,UN,10102,7,  63 , - ,  63 ,"R$ 216.193,04",-,LIVOLTEK - VENDAS,,Fortaleza (Eletra),PRODUTO,INVERSOR - GT3,GT3 -20KD1
GT3-20KD1R11008,RV,RV01,INVERSORES PARA SISTEMAS FOTOVOLTAICOS ON-GRID GT3-20KD1R11008,UN,10102,7,  36 , - ,  36 ,"R$ 151.649,91",-,LIVOLTEK - VENDAS,,Fortaleza (Eletra),PRODUTO,INVERSOR - GT3,GT3-20KD1R11008
GT3-20KTL1R11002,RV,RV01,INVERSOR TRIFASICO 220V ON-GRID GT3-20KTL1 AFCI,UN,10102,7,  9 , - ,  9 ,"R$ 49.642,73",-,LIVOLTEK - VENDAS,,Fortaleza (Eletra),PRODUTO,INVERSOR - GT3,GT3-20KTL1 AFCI
GT3-22K-DW00101,MP,AN01,INVERSOR FOTOVOLTAICO MODELO GT3-22K-D,UN,10102,7,  4 , - ,  4 ,"R$ 40.558,50",-,LIVOLTEK - VENDAS,,Fortaleza (Eletra),PRODUTO,INVERSOR - GT3,GT3-22K-D
GT3-25K-DW00101,MP,MP07,"INVERSOR ON-GRID TRIFASICO 2MPPT, 380V, COR BRANCO, LIVOLTEK, MODELO GT3-25K-D",UN,10102,7,  9 , - ,  9 ,"R$ 27.592,16",-,LIVOLTEK - VENDAS,,Fortaleza (Eletra),PRODUTO,INVERSOR - GT3,GT3-25K-D
GT3-25KD1R11001,RV,RV01,INVERSOR ON-GRID LIVOLTEK GT3-25KD1.,UN,10102,7,  20 , - ,  20 ,"R$ 45.950,18",-,LIVOLTEK - VENDAS,,Fortaleza (Eletra),PRODUTO,INVERSOR - GT3,GT3-25KD1
GT3-25KD1R11008,RV,RV01,INVERSORES PARA SISTEMAS FOTOVOLTAICOS ON-GRID GT3 - 25KD1R11008,UN,10102,7,  51 , - ,  51 ,"R$ 205.958,71",-,LIVOLTEK - VENDAS,,Fortaleza (Eletra),PRODUTO,INVERSOR - GT3,GT3 - 25KD1R11008
GT3-30KQL1R11002,RV,RV01,INVERSOR TRIFASICO 220V ON-GRID GT3-30KQL1 AFCI,UN,10102,7,  1 , - ,  1 ,"R$ 7.609,04",-,LIVOLTEK - VENDAS,,Fortaleza (Eletra),PRODUTO,INVERSOR - GT3,GT3-30KQL1 AFCI
GT3-37K5Q1R11002,RV,RV01,INVERSOR TRIFASICO 380V ON-GRID GT3-37K5Q AFCI,UN,10102,7,  131 , - ,  131 ,"R$ 914.754,91",-,LIVOLTEK - VENDAS,,Fortaleza (Eletra),PRODUTO,INVERSOR - GT3,GT3-37K5Q AFCI
GT3-37K5T1R11002,RV,RV01,"INVERSOR ON-GRID TRIFASICO 37,5KW 380V 3 MPPT AFCI - GT3-37K5T1",UN,10102,7,  3 , - ,  3 ,"R$ 13.061,02",-,LIVOLTEK - VENDAS,,Fortaleza (Eletra),PRODUTO,INVERSOR - GT3,GT3-37K5T1
GT3-50KQ1R11002,RV,RV01,INVERSOR TRIFASICO 380V ON-GRID GT3-50KQ1 AFCI,UN,10102,7,  5 , - ,  5 ,"R$ 33.382,15",-,LIVOLTEK - VENDAS,,Fortaleza (Eletra),PRODUTO,INVERSOR - GT3,GT3-50KQ1 AFCI
GT3-60KL11R11002,RV,RV01,INVERSOR ON-GRID TRIFASICO 60KW 220V 6 MPPT AFCI - GT3-60KL11-2,UN,10102,7,  22 , - ,  22 ,"R$ 276.065,01",-,LIVOLTEK - VENDAS,,Fortaleza (Eletra),PRODUTO,INVERSOR - GT3,GT3-60KL11-2
GT3-60KQ1R11002,RV,RV01,INVERSOR TRIFASICO 380V ON-GRID GT3-60KQ1 AFCI,UN,10102,7,  14 , - ,  14 ,"R$ 92.009,50",-,LIVOLTEK - VENDAS,,Fortaleza (Eletra),PRODUTO,INVERSOR - GT3,GT3-60KQ1 AFCI
GT3-60KW00101,MP,MP07,"INVERSOR ON-GRID TRIFASICO 4MPPT, 380V, COR BRANCO, LIVOLTEK, MODELO GT3-60K",UN,10102,7,  3 , - ,  3 ,"R$ 113.623,96",-,LIVOLTEK - VENDAS,,Fortaleza (Eletra),PRODUTO,INVERSOR - GT3,GT3-60K
GT3-75K-11R11002,RV,RV01,INVERSOR ON-GRID TRIFASICO 75KW 380V 6 MPPT AFCI - GT3-75K-11-2,UN,10102,7,  96 , - ,  96 ,"R$ 1.202.926,56",-,LIVOLTEK - VENDAS,,Fortaleza (Eletra),PRODUTO,INVERSOR - GT3,GT3-75K-11-2
GT3-75KL11R11002,RV,RV01,INVERSOR ON-GRID TRIFASICO 75KW 220V 6 MPPT AFCI - GT3-75KL11-2,UN,10102,7,  76 , - ,  76 ,"R$ 932.217,32",-,LIVOLTEK - VENDAS,,Fortaleza (Eletra),PRODUTO,INVERSOR - GT3,GT3-75KL11-2
GT3-75KL1R11002,RV,RV01,INVERSOR ON-GRID TRIFASICO GT3 -75KL1 220V AFCI,UN,10102,7,  1 , - ,  1 ,"R$ 20.505,56",-,LIVOLTEK - VENDAS,,Fortaleza (Eletra),PRODUTO,INVERSOR - GT3,GT3 -75KL1 220V AFCI
HP1-1K5L2R11001,RV,RV01,"INVERSOR HIBRIDO MONOFASICO 1,5KW 127V 1 MPPT AFCI -HP1-1K5L2",UN,10102,7,  118 , - ,  118 ,"R$ 332.069,35",-,LIVOLTEK - VENDAS,,Fortaleza (Eletra),PRODUTO,INVERSOR HP1,HP1-1K5L2
HP1-1K5S2R11001,RV,RV01,"INVERSOR HIBRIDO MONOFASICO 1,5KW 220V 1 MPPT AFCI - HP1-1K5S2",UN,10102,7,  279 , - ,  279 ,"R$ 487.131,63",-,LIVOLTEK - VENDAS,,Fortaleza (Eletra),PRODUTO,INVERSOR HP1,HP1-1K5S2
HP1-3KL2R11001,RV,RV01,INVERSOR HIBRIDO MONOFASICO 3KW 127V 2 MPPT AFCI -HP1-3KL2,UN,10102,7,  3 , - ,  3 ,"R$ 8.770,67",-,LIVOLTEK - VENDAS,,Fortaleza (Eletra),PRODUTO,INVERSOR HP1,HP1-3KL2
HP1-3KS2R11001,RV,RV01,INVERSORES PARA SISTEMAS FOTOVOLTAICOS HIBRIDO MONOFASICO 3KW 127V 2 MPPT AFCI,UN,10102,7,  16 , - ,  16 ,"R$ 44.609,17",-,LIVOLTEK - VENDAS,,Fortaleza (Eletra),PRODUTO,INVERSOR HP1,HP1-3KS2R11001
HP1-7K5S2MR11001,RV,RV01,"INVERSORES PARA SISTEMAS FOTOVOLTAICOS HIBRIDO MONOFASICO 7,5KW 220V 2 MPPT AFCI - HP1-7K5S2M",UN,10102,7,  11 , - ,  11 ,"R$ 49.949,03",-,LIVOLTEK - VENDAS,,Fortaleza (Eletra),PRODUTO,INVERSOR HP1,HP1-7K5S2M
HP3-25KT2R11002,RV,RV01,INVERSOR HIBRIDO TRIFASICO HP3 -25KT2 380V AFCI,UN,10102,7,  2 , - ,  2 ,"R$ 11.883,17",-,LIVOLTEK - VENDAS,,Fortaleza (Eletra),PRODUTO,INVERSOR HP3,HP3-25KT2R11002
HXCB10R02101,RV,RV01,DC STRING BOX HXCB10-1/1 1000V 40A WITHOUT MCB,UN,10102,7,  77 , - ,  77 ,"R$ 14.753,22",-,LIVOLTEK - VENDAS,,Fortaleza (Eletra),PRODUTO,STRING BOX,DC STRING BOX HXCB10-1/1 1000V 40A WITHOUT MCB
HXCB10R02102,MP,MP07,DC STRING BOX HXCB10-2/2 1000V 40A WITHOUT MCB,UN,10102,7,  178 , - ,  178 ,"R$ 40.342,03",-,LIVOLTEK - VENDAS,,Fortaleza (Eletra),PRODUTO,STRING BOX,DC STRING BOX HXCB10-2/2 1000V 40A WITHOUT MCB
HXCB10R02103,MP,MP07,DC STRING BOX HXCB06-1/1 600V 40A WITHOUT MCB,UN,10102,7,  171 , - ,  171 ,"R$ 27.970,15",-,LIVOLTEK - VENDAS,,Fortaleza (Eletra),PRODUTO,STRING BOX,DC STRING BOX HXCB06-1/1 600V 40A WITHOUT MCB
HXCB10R02104,MP,MP07,DC STRING BOX HXCB06-2/2 600V 40A WITHOUT MCB,UN,10102,7,  334 , - ,  334 ,"R$ 72.289,06",-,LIVOLTEK - VENDAS,,Fortaleza (Eletra),PRODUTO,STRING BOX,DC STRING BOX HXCB06-2/2 600V 40A WITHOUT MCB
HXCB20R02001,RV,RV01,AC STRING BOX HXDB20-2P 20A,UN,10102,7,  54 , - ,  54 ,"R$ 7.328,14",-,LIVOLTEK - VENDAS,,Fortaleza (Eletra),PRODUTO,STRING BOX,AC STRING BOX HXDB20-2P 20A
HXCB20R02002,RV,RV01,AC STRING BOX HXDB40-2P 40A,UN,10102,7,  256 , - ,  256 ,"R$ 39.986,30",-,LIVOLTEK - VENDAS,,Fortaleza (Eletra),PRODUTO,STRING BOX,AC STRING BOX HXDB40-2P 40A
HXCB20R02003,RV,RV01,AC STRING BOX HXDB63-2P 63A,UN,10102,7,  131 , - ,  131 ,"R$ 21.664,30",-,LIVOLTEK - VENDAS,,Fortaleza (Eletra),PRODUTO,STRING BOX,AC STRING BOX HXDB63-2P 63A
HXCB20R02101,RV,RV01,AC STRING BOX HXDB50-3P 50A,UN,10102,7,  222 , - ,  222 ,"R$ 42.209,70",-,LIVOLTEK - VENDAS,,Fortaleza (Eletra),PRODUTO,STRING BOX,AC STRING BOX HXDB50-3P 50A
HXEDE081R10001,RV,RV01,MONITOR DE ENERGIA ELETRICA HXEDE081,UN,10102,7,  5 , - ,  5 ,"R$ 4.242,18",-,LIVOLTEK - VENDAS,,Fortaleza (Eletra),,DIVERSOS,MONITOR DE ENERGIA ELETRICA HXEDE081
HXEM100R10003,RV,RV01,GERENCIADOR DE ARMAZENAMENTO DE ENERGIA IEMS 2000 HXEM100,UN,10102,7,  19 , - ,  19 ,"R$ 747.476,72",-,LIVOLTEK - VENDAS,,Fortaleza (Eletra),,DIVERSOS,GERENCIADOR DE ARMAZENAMENTO DE ENERGIA IEMS 2000 HXEM100
JKM555M-72HL4,RV,RV01,MODULO SOLAR FOTOVOLTAICO JINKO TIGER PRO 72HC 555WP P-TYPE MONOFACIAL (JKM555M-72HL4-V),UN,10102,7,  154 , - ,  154 ,"R$ 58.905,00",-,LIVOLTEK - VENDAS,,Fortaleza (Eletra),PRODUTO,KIT SOLAR - PLACA SOLAR,MODULO SOLAR FOTOVOLTAICO JINKO TIGER PRO 72HC 555WP P-TYPE MONOFACIAL (JKM555M-72HL4-V)
LHE12DRR12001,RV,RV01,MEDIDOR INTELIGENTE (CONTADOR DE ELETRICIDADE) LHE12DR (LHE12DRR12001),UN,10102,7,  22 , - ,  22 ,"R$ 6.792,17",-,LIVOLTEK - VENDAS,,Fortaleza (Eletra),,DIVERSOS - MEDIDOR DE ENERGIA,LHE12DRR12001
LHE34DRR11001,RV,RV01,"MEDIDOR DE ENERGIA (CONTADOR DE ELETRICIDADE) TRIFASICO, DIGITAL, LHE34DRR11001.",UN,10102,7,  239 , - ,  239 ,"R$ 23.118,06",-,LIVOLTEK - VENDAS,,Fortaleza (Eletra),,DIVERSOS - MEDIDOR DE ENERGIA,LHE34DRR11001
LHE34DRR12008,MP,MP08,CONTADOR DE ELETRICIDADE INDIRETO TRIF. PARA INSTALACAO EM TRILHO MEDICAO COM TC DE 10A (LHE34DRR12008),UN,10102,7,  30 , - ,  30 ,"R$ 7.072,22",-,LIVOLTEK - VENDAS,,Fortaleza (Eletra),,DIVERSOS - MEDIDOR DE ENERGIA,LHE34DRR12008
LHPE72JR11001,MP,MP08,MEDIDOR ELETRONICO TRIFASICO DE ENERGIA LHPE72J 220 V ATE 10000 IMP/KWH,UN,10102,7,  4 , - ,  4 ,"R$ 1.631,06",-,LIVOLTEK - VENDAS,,Fortaleza (Eletra),,DIVERSOS - MEDIDOR DE ENERGIA,MEDIDOR ELETRONICO TRIFASICO DE ENERGIA LHPE72J 220 V ATE 10000 IMP/KWH
M1201000E2EYR11001,RV,RV01,CARREGADOR VEICULAR | LIVOLTEK | CC 120KW | MF | 250A | 2XCCS2 | GESTAO DE CABOS | MCCB/RCD,UN,10102,7,  2 , - ,  2 ,"R$ 92.024,85",-,LIVOLTEK - VENDAS,,Fortaleza (Eletra),PRODUTO,CARREGADOR 120kW,CARREGADOR VEICULAR | LIVOLTEK | CC 120KW | MF | 250A | 2XCCS2 | GESTAO DE CABOS | MCCB/RCD
PCS-125KG1R21001,MP,MP08,CONVERSOR 125KW 125KW 380VCA IP66 EFICIENCIA ATE 99% OPERACAO -30°C A 60°C,UN,10102,7,  16 , - ,  16 ,"R$ 291.654,25",-,LIVOLTEK - VENDAS,,Fortaleza (Eletra),,DIVERSOS,CONVERSOR 125KW 125KW 380VCA IP66 EFICIENCIA ATE 99% OPERACAO -30°C A 60°C
PSD1000R11001,RV,RV01,MODULO DE COMUNICACAO PARA TRANSMISSAO E RECEPCAO DE DADOS EM REDES SEM FIO (WLAN) PSD1000R11001,UN,10102,7,  49 , - ,  49 ,"R$ 5.956,69",-,LIVOLTEK - VENDAS,,Fortaleza (Eletra),,DIVERSOS,PSD1000R11001
PSD200R21001,RV,RV01,"MODULO WLAN - WIFI + BLUETOOTH, 2.4GHZ 802.11B/G/N. TENSAO DE FUNCIONAMENTO 5V - (PSD200-F1)",UN,10102,7,  13 , - ,  13 ,"R$ 744,18",-,LIVOLTEK - VENDAS,,Fortaleza (Eletra),,DIVERSOS,"MODULO WLAN - WIFI + BLUETOOTH, 2.4GHZ 802.11B/G/N. TENSAO DE FUNCIONAMENTO 5V - (PSD200-F1"
QNM182-HS555-72,RV,RV01,MODULO SOLAR QNM182-HS555-72,UN,10102,7,  2 , - ,  2 ,"R$ 677,72",-,LIVOLTEK - VENDAS,,Fortaleza (Eletra),PRODUTO,KIT SOLAR - PLACA SOLAR,MODULO SOLAR QNM182-HS555-72
RS6-555M-E3,RV,RV01,MODULO SOLAR FOTOVOLTAICO RENESOLA 555WP P-TYPE MONOFACIAL (RS6- 555M-E3,UN,10102,7,  82 , - ,  82 ,"R$ 29.419,97",-,LIVOLTEK - VENDAS,,Fortaleza (Eletra),PRODUTO,KIT SOLAR - PLACA SOLAR,MODULO SOLAR FOTOVOLTAICO RENESOLA 555WP P-TYPE MONOFACIAL (RS6- 555M-E3
SWC-G1R11001,MP,MP08,PLACA ELETRONICA PARA CONTROLE E COMUTACAO AUTOMATICA ATS SWC-G1R11001,UN,10102,7,  1 , - ,  1 ,"R$ 9.040,54",-,LIVOLTEK - VENDAS,,Fortaleza (Eletra),,DIVERSOS,PLACA ELETRONICA PARA CONTROLE E COMUTACAO AUTOMATICA ATS SWC-G1R11001
TSR21004,MP,MP03,CABINE TSR21004 CABINE DE SECCIONAMENTO 1000A 380 400V,UN,10102,7,  6 , - ,  6 ,"R$ 245.443,98",-,LIVOLTEK - VENDAS,,Fortaleza (Eletra),,DIVERSOS,CABINE TSR21004 CABINE DE SECCIONAMENTO 1000A 380 400V
9121500218,RV,RV01,CABO FOTOVOLTAICO VERMELHO: 6MM2 COOPER + ESTANHADO,MT,10106,7,  1.552 ,  50 ,  1.502 ,"R$ 5.592,94","180,18",LIVOLTEK - VENDAS,,Manaus (Eletra),PRODUTO,KIT SOLAR - CABO,CABO FOTOVOLTAICO VERMELHO: 6MM2 COOPER + ESTANHADO
9121500219,RV,RV01,CABO FOTOVOLTAICO PRETO: 6MM2 COOPER + ESTANHADO,MT,10106,7,  1.027 ,  50 ,  977 ,"R$ 3.691,55","179,72",LIVOLTEK - VENDAS,,Manaus (Eletra),PRODUTO,KIT SOLAR - CABO,CABO FOTOVOLTAICO PRETO: 6MM2 COOPER + ESTANHADO
2160100240L,MP,MP08,CARREGADOR ECH10051 DE 250W PARA BATERIAS DE LITIO,UN,10106,7,  20 , - ,  20 ,"R$ 3.529,24",-,LIVOLTEK - VENDAS,,Manaus (Eletra),MATÉRIA-PRIMA,BATERIA - CARREGDOR,CARREGADOR ECH10051 DE 250W PARA BATERIAS DE LITIO
3012103830,MP,MP08,TERMINAL ELETRICO MC4 FEMEA,UN,10106,7,  987 , - ,  987 ,"R$ 1.855,95",-,LIVOLTEK - VENDAS,,Manaus (Eletra),,DIVERSOS,TERMINAL ELETRICO MC4 FEMEA
3012103860,MP,MP08,CONECTOR MC4 MACHO,UN,10106,7,  987 , - ,  987 ,"R$ 1.308,76",-,LIVOLTEK - VENDAS,,Manaus (Eletra),PRODUTO,KIT SOLAR - CONECTOR,CONECTOR MC4 MACHO
3012103890,MP,MP08,CONECTOR MC4 FEMEA,UN,10106,7,  987 , - ,  987 ,"R$ 917,32",-,LIVOLTEK - VENDAS,,Manaus (Eletra),PRODUTO,KIT SOLAR - CONECTOR,CONECTOR MC4 FEMEA
3012103900,MP,MP08,TERMINAL ELETRICO MC4 MACHO,UN,10106,7,  987 , - ,  987 ,"R$ 1.320,90",-,LIVOLTEK - VENDAS,,Manaus (Eletra),,DIVERSOS,TERMINAL ELETRICO MC4 MACHO
3028100149,MP,MP03,ALCA DE AJUSTE PLASTICA PARA CONJUNTO DE PROPULSAO,UN,10106,7,  20 , - ,  20 ,"R$ 97,61",-,LIVOLTEK - VENDAS,,Manaus (Eletra),,DIVERSOS,ALCA DE AJUSTE PLASTICA PARA CONJUNTO DE PROPULSAO
3028100290,MP,MP03,CONE DE NARIZ DE PLASTICO PARA PROPULSOR DE MOTOR DE BARCO,UN,10106,7,  5 , - ,  5 ,"R$ 65,20",-,LIVOLTEK - VENDAS,,Manaus (Eletra),,DIVERSOS,CONE DE NARIZ DE PLASTICO PARA PROPULSOR DE MOTOR DE BARCO
3028100310,MP,MP03,HELICE DE PLASTICO PARA MOTOR DE BARCO,UN,10106,7,  42 , - ,  42 ,"R$ 1.345,64",-,LIVOLTEK - VENDAS,,Manaus (Eletra),,DIVERSOS,HELICE DE PLASTICO PARA MOTOR DE BARCO
3028100409,MP,MP03,PLACA DE PRESSAO ESTANQUE PLASTICA PARA CONJUNTO DE PROPULSAO,UN,10106,7,  4 , - ,  4 ,"R$ 14,22",-,LIVOLTEK - VENDAS,,Manaus (Eletra),,DIVERSOS,PLACA DE PRESSAO ESTANQUE PLASTICA PARA CONJUNTO DE PROPULSAO
3030101750,MP,MP03,PARAFUSO SEXTAVADO M5X10 ACO INOX (3030101750),UN,10106,7,  35 , - ,  35 ,"R$ 3,24",-,LIVOLTEK - VENDAS,,Manaus (Eletra),,DIVERSOS,PARAFUSO SEXTAVADO M5X10 ACO INOX (3030101750)
3030903110,MP,MP03,PORCA AUTO-TRAVANTE DE ACO CARBONO COM ACABAMENTO ZINCADO TRIVALENTE,UN,10106,7,  12 , - ,  12 ,"R$ 1,75",-,LIVOLTEK - VENDAS,,Manaus (Eletra),,DIVERSOS,PORCA AUTO-TRAVANTE DE ACO CARBONO COM ACABAMENTO ZINCADO TRIVALENTE
3031702570,MP,MP03,PINO CILINDRICO ROSCADO DE ACO CARBONO COM ACABAMENTO ZINCADO TRIVALENTE,UN,10106,7,  4 , - ,  4 ,"R$ 8,13",-,LIVOLTEK - VENDAS,,Manaus (Eletra),,DIVERSOS,PINO CILINDRICO ROSCADO DE ACO CARBONO COM ACABAMENTO ZINCADO TRIVALENTE
3032702420,MP,MP03,PARAFUSO M6X20MM DE ACO CARBONO COM ACABAMENTO ZINCADO TRIVALENTE,UN,10106,7,  12 , - ,  12 ,"R$ 4,25",-,LIVOLTEK - VENDAS,,Manaus (Eletra),,DIVERSOS,PARAFUSO M6X20MM DE ACO CARBONO COM ACABAMENTO ZINCADO TRIVALENTE
3043500390,MP,MP03,BLOCO ANTICORROSAO METALICO DA HELICE DO PROPULSOR,UN,10106,7,  6 , - ,  6 ,"R$ 135,87",-,LIVOLTEK - VENDAS,,Manaus (Eletra),,DIVERSOS,BLOCO ANTICORROSAO METALICO DA HELICE DO PROPULSOR
3043500400,MP,MP03,BRACADEIRA METALICA DA HELICE DO PROPULSOR,UN,10106,7,  6 , - ,  6 ,"R$ 100,06",-,LIVOLTEK - VENDAS,,Manaus (Eletra),,DIVERSOS,BRACADEIRA METALICA DA HELICE DO PROPULSOR
3061901880,MP,MP03,HELICE MEDIA METALICA PARA PROPULSOR DE MOTOR DE BARCO,UN,10106,7,  6 , - ,  6 ,"R$ 231,97",-,LIVOLTEK - VENDAS,,Manaus (Eletra),,DIVERSOS,HELICE MEDIA METALICA PARA PROPULSOR DE MOTOR DE BARCO
3061901900,MP,MP03,CONE DE NARIZ METALICO PARA PROPULSOR DE MOTOR DE BARCO,UN,10106,7,  2 , - ,  2 ,"R$ 37,59",-,LIVOLTEK - VENDAS,,Manaus (Eletra),,DIVERSOS,CONE DE NARIZ METALICO PARA PROPULSOR DE MOTOR DE BARCO
3062000540,MP,MP03,BLOCO DE PRESSAO METALICO PARA PROPULSOR DE EMBARCACAO,UN,10106,7,  10 , - ,  10 ,"R$ 175,76",-,LIVOLTEK - VENDAS,,Manaus (Eletra),,DIVERSOS,BLOCO DE PRESSAO METALICO PARA PROPULSOR DE EMBARCACAO
3080104830,MP,MP05,EMPUNHADURA DE BORRACHA PARA FIXACAO DO PROPULSOR,UN,10106,7,  5 , - ,  5 ,"R$ 68,28",-,LIVOLTEK - VENDAS,,Manaus (Eletra),,DIVERSOS,EMPUNHADURA DE BORRACHA PARA FIXACAO DO PROPULSOR
3080702490,MP,MP04,VEDACAO DE BORRACHA PARA CONJUNTO DE PROPULSAO,UN,10106,7,  12 , - ,  12 ,"R$ 50,47",-,LIVOLTEK - VENDAS,,Manaus (Eletra),,DIVERSOS,VEDACAO DE BORRACHA PARA CONJUNTO DE PROPULSAO
3080902070,MP,MP04,ANEL DE VEDACAO DO CONE DE NARIZ DE BORRACHA (69*3.55),UN,10106,7,  10 , - ,  10 ,"R$ 28,51",-,LIVOLTEK - VENDAS,,Manaus (Eletra),,DIVERSOS,ANEL DE VEDACAO DO CONE DE NARIZ DE BORRACHA (69*3.55)
3080902100,MP,MP04,ANEL DE VEDACAO DO CONE DE NARIZ DE BORRACHA (92.5*3.55),UN,10106,7,  12 , - ,  12 ,"R$ 16,99",-,LIVOLTEK - VENDAS,,Manaus (Eletra),,DIVERSOS,ANEL DE VEDACAO DO CONE DE NARIZ DE BORRACHA (92.5*3.55)
3090510710,MP,MP06,CABO DE COMUNICACAO DA BATERIA COM PECAS DE CONEXAO,UN,10106,7,  4 , - ,  4 ,"R$ 122,56",-,LIVOLTEK - VENDAS,,Manaus (Eletra),PRODUTO,DIVERSOS - CABO,CABO DE COMUNICACAO DA BATERIA COM PECAS DE CONEXAO
3090514600,MP,MP06,CABO DE ENERGIA DE 3 METROS COM PECAS DE CONEXAO,UN,10106,7,  2 , - ,  2 ,"R$ 636,56",-,LIVOLTEK - VENDAS,,Manaus (Eletra),PRODUTO,DIVERSOS - CABO,CABO DE ENERGIA DE 3 METROS COM PECAS DE CONEXAO
3090514610,MP,MP06,CABO DE BACKUP DA BATERIA COM PECAS DE CONEXAO,UN,10106,7,  7 , - ,  7 ,"R$ 354,08",-,LIVOLTEK - VENDAS,,Manaus (Eletra),PRODUTO,DIVERSOS - CABO,CABO DE BACKUP DA BATERIA COM PECAS DE CONEXAO
4010401450,MP,MP03,CARRINHO DE TRANSPORTE PARA MOTOR DE POPA,UN,10106,7,  1 , - ,  1 ,"R$ 498,18",-,LIVOLTEK - VENDAS,,Manaus (Eletra),PRODUTO,MOTOR DE BARCO - CARRINHO,CARRINHO DE TRANSPORTE PARA MOTOR DE POPA
8040101110,RV,RV01,MODULO FOTOVOLTAICO 700WP BIFACIAL HJT RISEN (RSM132-8-700BHDG),UN,10106,7,  476 ,  15 ,  461 ,"R$ 219.407,54","6.914,10",LIVOLTEK - VENDAS,,Manaus (Eletra),PRODUTO,KIT SOLAR - PLACA SOLAR,MODULO FOTOVOLTAICO 700WP BIFACIAL HJT RISEN (RSM132-8-700BHDG)
9121290210,MP,MP03,"ESTRUTURA METALICA PARA TELHADO CERAMICO - PERFIL 2,40",UN,10106,7,  500 , - ,  500 ,"R$ 140.990,80",-,LIVOLTEK - VENDAS,,Manaus (Eletra),PRODUTO,KIT SOLAR - TELHADO,"ESTRUTURA METALICA PARA TELHADO CERAMICO - PERFIL 2,40"
9191271060,RV,RV01,KIT TELHADO CERAMICO CCM-10 4 MODULOS STD.,UN,10106,7,  218 , - ,  218 ,"R$ 66.635,58",-,LIVOLTEK - VENDAS,,Manaus (Eletra),PRODUTO,KIT SOLAR - TELHADO,KIT TELHADO CERAMICO CCM-10 4 MODULOS STD.
9191271061,RV,RV01,KIT TELHADO FIBROCIMENTO FIX MADE 200 MM 4 MODULOS STD,UN,10106,7,  2.185 , - ,  2.185 ,"R$ 540.612,26",-,LIVOLTEK - VENDAS,,Manaus (Eletra),PRODUTO,KIT SOLAR - TELHADO,KIT TELHADO FIBROCIMENTO FIX MADE 200 MM 4 MODULOS STD
9191271062,RV,RV01,KIT TELHADO FIBROMETAL FIX MTL 250 MM 4 MODULOS STD,UN,10106,7,  414 , - ,  414 ,"R$ 104.996,69",-,LIVOLTEK - VENDAS,,Manaus (Eletra),PRODUTO,KIT SOLAR - TELHADO,KIT TELHADO FIBROMETAL FIX MTL 250 MM 4 MODULOS STD
9191271063,RV,RV01,KIT MINI TRILHO BAIXO P-1 PARA 4 MODULOS 300 MM,UN,10106,7,  549 ,  4 ,  545 ,"R$ 50.919,37",371,LIVOLTEK - VENDAS,,Manaus (Eletra),PRODUTO,KIT SOLAR - TELHADO,KIT MINI TRILHO BAIXO P-1 PARA 4 MODULOS 300 MM
9191271064,RV,RV01,TRIANGULO RETRATO TELESCOPIO 4 MODULOS 15° A 30° LAJE,UN,10106,7,  33 , - ,  33 ,"R$ 24.058,13",-,LIVOLTEK - VENDAS,,Manaus (Eletra),PRODUTO,KIT SOLAR - TELHADO,TRIANGULO RETRATO TELESCOPIO 4 MODULOS 15° A 30° LAJE
9191271065,RV,RV01,KIT SOLO EASY LINE 4 MODULOS - 1134X2279,UN,10106,7,  865 , - ,  865 ,"R$ 497.095,86",-,LIVOLTEK - VENDAS,,Manaus (Eletra),PRODUTO,KIT SOLAR - SOLO,KIT SOLO EASY LINE 4 MODULOS - 1134X2279
9192219832,RV,RV01,KIT TELHADO FIBROCIMENTO P/ MADEIRA METALLIGHT 4 MODULOS STD,UN,10106,7,  309 , - ,  309 ,"R$ 89.508,03",-,LIVOLTEK - VENDAS,,Manaus (Eletra),PRODUTO,KIT SOLAR - TELHADO,KIT TELHADO FIBROCIMENTO P/ MADEIRA METALLIGHT 4 MODULOS STD
A0070230E11R11302,RV,RV01,CARREGADOR VEICULAR| LIVOLTEK | CA 7.3KW | ATOM | 230V | 32A | CABO 5M | 1XTIPO 2 | BT | WI-FI | ETH | HARDWARE A21 | BO,UN,10106,7,  58 , - ,  58 ,"R$ 58.230,84",-,LIVOLTEK - VENDAS,,Manaus (Eletra),PRODUTO,"CARREGADOR 7,3kW",CARREGADOR VEICULAR| LIVOLTEK | CA 7.3KW | ATOM | 230V | 32A | CABO 5M | 1XTIPO 2 | BT | WI-FI | ETH | HARDWARE A21 | BO
A0070230E1EHR11002,RV,RV01,CARREGADOR VEICULAR | LIVOLTEK | CA 7.3KW | ACE | 230V | 32A | CABO 5M | 1XTIPO 2 | BT | WI-FI | ETH | RFID,UN,10106,7,  5 , - ,  5 ,"R$ 12.717,57",-,LIVOLTEK - VENDAS,,Manaus (Eletra),PRODUTO,"CARREGADOR 7,3kW",CARREGADOR VEICULAR | LIVOLTEK | CA 7.3KW | ACE | 230V | 32A | CABO 5M | 1XTIPO 2 | BT | WI-FI | ETH | RFID
AC1-AIOR11001,RV,RV01,CAIXA DE ALUMINIO FUNDIDO PARA ALOCACAO DE BATERIAS DE LITIO PARA USO EM INVERSORES FOTOVOLTAICOS,UN,10106,7,  1 , - ,  1 ,"R$ 557,91",-,LIVOLTEK - VENDAS,,Manaus (Eletra),MATÉRIA-PRIMA,DIVERSOS,CAIXA DE ALUMINIO FUNDIDO PARA ALOCACAO DE BATERIAS DE LITIO PARA USO EM INVERSORES FOTOVOLTAICOS
BLF-B5150R11001,MP,MP08,BATERIA DE LITIO BLF-B5150 COM PECAS DE CONEXAO,UN,10106,7,  5 , - ,  5 ,"R$ 23.179,26",-,LIVOLTEK - VENDAS,,Manaus (Eletra),PRODUTO,BATERIA,BLF-B5150 COM PECAS DE CONEXAO
GT1-10KT2R11003,RV,RV01,INVERSORES PARA SISTEMAS FOTOVOLTAICOS ON-GRID GT1-10KT2R11003,UN,10106,7,  23 , - ,  23 ,"R$ 93.741,56",-,LIVOLTEK - VENDAS,,Manaus (Eletra),PRODUTO,INVERSOR - GT1,GT1-10KT2R11003
GT1-10KT2R11004,RV,RV01,INVERSORES PARA SISTEMAS FOTOVOLTAICOS ON-GRID GT1 -10KT2R11004,UN,10106,7,  9 , - ,  9 ,"R$ 29.857,72",-,LIVOLTEK - VENDAS,,Manaus (Eletra),PRODUTO,INVERSOR - GT1,GT1 -10KT2R11004
GT1-5KD1R11001,RV,RV01,INVERSOR ON-GRID LIVOLTEK GT1-5KD1,UN,10106,7,  17 , - ,  17 ,"R$ 43.936,04",-,LIVOLTEK - VENDAS,,Manaus (Eletra),PRODUTO,INVERSOR - GT1,GT1-5KD1
GT1-6KD1R11001,RV,RV01,INVERSOR FOTOVOLTAICO MODELO GT1-6KD1,UN,10106,7,  6 , - ,  6 ,"R$ 17.489,53",-,LIVOLTEK - VENDAS,,Manaus (Eletra),PRODUTO,INVERSOR - GT1,GT1-6KD1
GT1-7K5T2R11002,RV,RV01,INVERSOR ON-GRID MONOFASICO GT1-7K5T2R11002 (GT1-7K5T2R11002),UN,10106,7,  4 ,  1 ,  3 ,"R$ 11.379,86","2.844,97",LIVOLTEK - VENDAS,,Manaus (Eletra),PRODUTO,INVERSOR - GT1,GT1-7K5T2R11002
GT3-100K-1R11002,RV,RV01,INVERSOR ON-GRID TRIFASICO GT3 -100K-1 380V AFCI,UN,10106,7,  4 , - ,  4 ,"R$ 53.039,68",-,LIVOLTEK - VENDAS,,Manaus (Eletra),PRODUTO,INVERSOR - GT3,GT3 -100K-1 380V AFCI
GT3-110K-1R11002,RV,RV01,INVERSOR ON-GRID TRIFASICO GT3 -110K-1 380V AFCI,UN,10106,7,  5 , - ,  5 ,"R$ 72.763,80",-,LIVOLTEK - VENDAS,,Manaus (Eletra),PRODUTO,INVERSOR - GT3,GT3 -110K-1 380V AFCI
GT3-125K-1R11002,RV,RV01,INVERSOR ON-GRID TRIFASICO GT3 -125K-1 380V AFCI,UN,10106,7,  5 , - ,  5 ,"R$ 71.425,01",-,LIVOLTEK - VENDAS,,Manaus (Eletra),PRODUTO,INVERSOR - GT3,GT3 -125K-1 380V AFCI
GT3-15KD1R11008,RV,RV01,INVERSORES PARA SISTEMAS FOTOVOLTAICOS GT3-15KD1R11008,UN,10106,7,  16 , - ,  16 ,"R$ 56.726,08",-,LIVOLTEK - VENDAS,,Manaus (Eletra),PRODUTO,INVERSOR - GT3,GT3-15KD1R11008
GT3-20KL-TW11001,RV,RV01,INVERSOR ON-GRID TRIFASICO GT3 -20KL-T 220V (GT3-20KL-TW11001),UN,10106,7,  14 , - ,  14 ,"R$ 71.413,21",-,LIVOLTEK - VENDAS,,Manaus (Eletra),PRODUTO,INVERSOR - GT3,GT3 -20KL-T 220V (GT3-20KL-TW11001)
GT3-20KTL1R11002,RV,RV01,INVERSOR TRIFASICO 220V ON-GRID GT3-20KTL1 AFCI,UN,10106,7,  8 , - ,  8 ,"R$ 36.365,14",-,LIVOLTEK - VENDAS,,Manaus (Eletra),PRODUTO,INVERSOR - GT3,GT3-20KTL1 AFCI
GT3-25KL-TW11001,RV,RV01,INVERSOR ON-GRID TRIFASICO GT3 -25KL-T 220V (GT3-25KL-TW11001),UN,10106,7,  18 , - ,  18 ,"R$ 200.987,32",-,LIVOLTEK - VENDAS,,Manaus (Eletra),PRODUTO,INVERSOR - GT3,GT3-25KL-TW11001
GT3-50KL11R11002,RV,RV01,INVERSOR ON-GRID TRIFASICO 50KW 220V 4 MPPT AFCI - GT3-50KL11,UN,10106,7,  2 , - ,  2 ,"R$ 24.221,83",-,LIVOLTEK - VENDAS,,Manaus (Eletra),PRODUTO,INVERSOR - GT3,GT3-50KL11
GT3-60KL11R11002,RV,RV01,INVERSOR ON-GRID TRIFASICO 60KW 220V 6 MPPT AFCI - GT3-60KL11-2,UN,10106,7,  8 , - ,  8 ,"R$ 100.387,27",-,LIVOLTEK - VENDAS,,Manaus (Eletra),PRODUTO,INVERSOR - GT3,GT3-60KL11-2
GT3-75KL11R11002,RV,RV01,INVERSOR ON-GRID TRIFASICO 75KW 220V 6 MPPT AFCI - GT3-75KL11-2,UN,10106,7,  9 , - ,  9 ,"R$ 112.520,40",-,LIVOLTEK - VENDAS,,Manaus (Eletra),PRODUTO,INVERSOR - GT3,GT3-75KL11-2
HXCB10R02102,MP,MP07,DC STRING BOX HXCB10-2/2 1000V 40A WITHOUT MCB,UN,10106,7,  50 , - ,  50 ,"R$ 20.860,56",-,LIVOLTEK - VENDAS,,Manaus (Eletra),PRODUTO,STRING BOX,DC STRING BOX HXCB10-2/2 1000V 40A WITHOUT MCB
HXCB10R02103,MP,MP07,DC STRING BOX HXCB06-1/1 600V 40A WITHOUT MCB,UN,10106,7,  49 , - ,  49 ,"R$ 10.212,69",-,LIVOLTEK - VENDAS,,Manaus (Eletra),PRODUTO,STRING BOX,DC STRING BOX HXCB06-1/1 600V 40A WITHOUT MCB
HXCB10R02104,MP,MP07,DC STRING BOX HXCB06-2/2 600V 40A WITHOUT MCB,UN,10106,7,  89 , - ,  89 ,"R$ 32.761,56",-,LIVOLTEK - VENDAS,,Manaus (Eletra),PRODUTO,STRING BOX,DC STRING BOX HXCB06-2/2 600V 40A WITHOUT MCB
100978,,,"Bateria de Alta Tensão, modelo Lovoltek, tipo lítio com BMS, capacidade 45kWh",,MAO-LIV,7,  2 , - ,  2 ,"R$ 10.195,01",,,100978,Fábrica Livoltek,PRODUTO,BATERIA,"Bateria de Alta Tensão, modelo Lovoltek, tipo lítio com BMS, capacidade 45kWh"
103354,,,"CAIXA DE ALUMINIO PARA BATERIA DE LITIO HV 15kWh 307,2V BHF-S15",,MAO-LIV,7,  1 , - ,  1 ,"R$ 7.095,25",,,103354,Fábrica Livoltek,,BATERIA,"CAIXA DE ALUMINIO PARA BATERIA DE LITIO HV 15kWh 307,2V BHF-S15"
BLF-B5150,,,Carregador para bateria BLF-B5150,,MAO-LIV,7,  4 , - ,  4 ,"R$ 149,04",,,105990,Fábrica Livoltek,NÃO CADASTRADO,BATERIA,Carregador para bateria BLF-B5150
A0070230E1EHR11002,,,"CARREGADOR VE LIVOLTEK CA ACE 7,3KW 220VAC CABO 5M BLUETOOTH WI-FI(FC41D) ETHERNET CABO TIPO 2",,MAO-LIV,7,  540 , - ,  540 ,"R$ 1.571,88",,,105589,Fábrica Livoltek,PRODUTO,"CARREGADOR 7,3kW","CARREGADOR 7,3KW 220VAC CABO 5M BLUETOOTH WI-FI(FC41D) ETHERNET CABO TIPO 2"
M18010E2EYFIR11003,,,"Carregador veicular LIVOLTEK, MotionFast180KW, 150-1000Vdc,IEC Standard,CCS2/5M/300A/CCS2/5M/300A,",,MAO-LIV,7,  2 , - ,  2 ,"R$ 103.954,84",,,108190,Fábrica Livoltek,PRODUTO,CARREGADOR 180kW,"Carregador MotionFast180KW, 150-1000Vdc,IEC Standard,CCS2/5M/300A/CCS2/5M/300A,"
BHF-B51100R11101,,,CONTROLADOR BMS PARA BATERIA DE LITIO BHF-B51100R11101 (DUMMY),,MAO-LIV,7,  4 , - ,  4 ,"R$ 711,15",,,105005,Fábrica Livoltek,NÃO CADASTRADO,BATERIA - DUMMY,CONTROLADOR BMS PARA BATERIA DE LITIO BHF-B51100R11101 (DUMMY)
3061901200,,,Estrutura de aço galvanizado pintado de preto inferior 465*425*166.5 30619-GT110KT2-02 (3061901200),,MAO-LIV,7,  1 , - ,  1 ,"R$ 443,71",,,105383,Fábrica Livoltek,NÃO CADASTRADO,DIVERSOS,Estrutura de aço galvanizado pintado de preto inferior 465*425*166.5 30619-GT110KT2-02 (3061901200)
100801,,,Estrutura metálica para telhado cerâmico,,MAO-LIV,7,  445 , - ,  445 ,"R$ 317,11",,,100801,Fábrica Livoltek,PRODUTO,KIT SOLAR - TELHADO,Estrutura metálica para telhado cerâmico
GT1-6KD1,,,Inversor fotovoltaico modelo GT1-6KD1,,MAO-LIV,7,  2 , - ,  2 ,"R$ 2.532,82",,,95918,Fábrica Livoltek,NÃO CADASTRADO,INVERSOR - GT1,GT1-6KD1
GT1 4-6 KW,,,INVERSOR GT1 4-6 KW 220/230/240V IEC with Wi-Fi/ SPD II/CT/AC APS,,MAO-LIV,7,  65 , - ,  65 ,"R$ 1.484,40",,,106170,Fábrica Livoltek,NÃO CADASTRADO,INVERSOR - GT1,GT1 4-6 KW 220/230/240V IEC with Wi-Fi/ SPD II/CT/AC APS
7-10KW,,,INVERSOR GT1 7-10KW 220/230/240V IEC with Wi-Fi/ SPD II/CT/AC APS,,MAO-LIV,7,  838 , - ,  838 ,"R$ 5.080,91",,,106171,Fábrica Livoltek,NÃO CADASTRADO,INVERSOR - GT1,GT1 7-10KW 220/230/240V IEC with Wi-Fi/ SPD II/CT/AC APS
GT1-10KT2R11004,,,INVERSOR ON-GRID MONOFÁSICO 10KW 220V 3MPPT GT1-10KT2R11004,,MAO-LIV,7,  - , - ,  - ,"R$ 5.184,33",,,105396,Fábrica Livoltek,PRODUTO,INVERSOR - GT1,GT1-10KT2R11004
GT1-5KD2R11008,,,INVERSOR ON-GRID MONOFÁSICO 5kW 220V 2 MPPT GT1-5KD2R11008,,MAO-LIV,7,  - , - ,  - ,"R$ 1.117,82",,,104937,Fábrica Livoltek,PRODUTO,INVERSOR - GT1,GT1-5KD2R11008
GT1-6KD2R11008,,,INVERSOR ON-GRID MONOFÁSICO 6kW 220V 2 MPPT GT1-6KD2R11008,,MAO-LIV,7,  - , - ,  - ,"R$ 1.627,25",,,104938,Fábrica Livoltek,PRODUTO,INVERSOR - GT1,GT1-6KD2R11008
GT1-7K5T2R11002,,,"INVERSOR ON-GRID MONOFÁSICO 7,5KW 220V 3MPPT GT1-7K5T2R11002",,MAO-LIV,7,  - , - ,  - ,"R$ 4.767,61",,,105420,Fábrica Livoltek,PRODUTO,INVERSOR - GT1,GT1-7K5T2R11002
GT1-8KT2R11004,,,INVERSOR ON-GRID MONOFÁSICO 8KW 220V 3MPPT GT1-8KT2R11004,,MAO-LIV,7,  8 , - ,  8 ,"R$ 4.634,16",,,105604,Fábrica Livoltek,PRODUTO,INVERSOR - GT1,GT1-8KT2R11004
GT3-15KD1R11008,,,INVERSOR ON-GRID TRIFÁSICO 15kW 380V 2 MPPT GT3-15KD1R11008,,MAO-LIV,7,  26 , - ,  26 ,"R$ 5.765,48",,,105649,Fábrica Livoltek,PRODUTO,INVERSOR - GT3,GT3-15KD1R11008
GT3-20KD1R11008,,,INVERSOR ON-GRID TRIFÁSICO 20kW 380V 2 MPPT GT3-20KD1R11008,,MAO-LIV,7,  - , - ,  - ,"R$ 6.185,27",,,104926,Fábrica Livoltek,PRODUTO,INVERSOR - GT3,GT3-20KD1R11008
GT3-25KD1R11008,,,INVERSOR ON-GRID TRIFÁSICO 25kW 380V 2 MPPT GT3-25KD1R11008,,MAO-LIV,7,  - , - ,  - ,"R$ 5.916,06",,,105652,Fábrica Livoltek,PRODUTO,INVERSOR - GT3,GT3-25KD1R11008
EDP003l,,,"Motor de Popa, (Model: EDP003l, 3.0 kW 3.0 kW, DC 36~60 V, Dimensões (LXBXH): 423mmX288.5mmX1140mm",,MAO-LIV,7,  3 , - ,  3 ,"R$ 10.220,21",,,100981,Fábrica Livoltek,PRODUTO,MOTOR DE BARCO,"Motor de Popa, (Model: EDP003l, 3.0 kW 3.0 kW, DC 36~60 V, Dimensões (LXBXH): 423mmX288.5mmX1140mm"
GT3-20KD1R11008,,,Matéria-Prima - GT3-20KD1R11008,,MAO-LIV,7,  334 , - ,  334 ,,,,104926M,Fábrica Livoltek,MATÉRIA-PRIMA,INVERSOR - GT3,GT3-20KD1R11008 (MATÉRIA-PRIMA)
GT3-25KD1R11008,,,Matéria-Prima - GT3-25KD1R11008,,MAO-LIV,7,  220 , - ,  220 ,,,,105652M,Fábrica Livoltek,MATÉRIA-PRIMA,INVERSOR - GT3,GT3-25KD1R11008 (MATÉRIA-PRIMA)
GT3-15KD1R11008,,,Matéria-Prima - GT3-15KD1R11008,,MAO-LIV,7,  306 , - ,  306 ,,,,105649M,Fábrica Livoltek,MATÉRIA-PRIMA,INVERSOR - GT3,GT3-15KD1R11008 (MATÉRIA-PRIMA)
GT1 4-6 KW,,,Matéria-Prima - GT1 4-6 KW,,MAO-LIV,7,  119 , - ,  119 ,,,,106170M,Fábrica Livoltek,MATÉRIA-PRIMA,INVERSOR - GT1,GT1 4-6 KW (MATÉRIA-PRIMA)
A0070230E1EHR11002,,,Matéria-Prima - A0070230E1EHR11002,,MAO-LIV,7,  1.000 , - ,  1.000 ,,,,105589M,Fábrica Livoltek,MATÉRIA-PRIMA,"CARREGADOR 7,3kW",A0070230E1EHR11002 (MATÉRIA-PRIMA)