Saldos em Estoque;;;;;;;;;;;;
CODIGO;TP;GRUPO;DESCRICAO;U.M.;FL;ARMZ;SALDO EM ESTOQUE;EMPENHO PARA REQ/PV/RESERVA;ESTOQUE DISPONIVEL;VALOR EM ESTOQUE;VALOR EMPENHADO;DESCRICAO DO ARMAZEM
3042303700;MP;MP03;TRILHO DIN 35MM PERFURADO;MT;010102;07; 370,000 ; -   ; 370,000 ; 1.893,14 ; -   ;LIVOLTEK - VENDAS
8010300790;MP;MP09;CABO SOLAR 1,8 KV CC PRETO;MT;010102;07; 1.640,000 ; -   ; 1.640,000 ; 4.241,04 ; -   ;LIVOLTEK - VENDAS
9120821321;MP;MP03;ELETRODUTO SUBTERRANEO CORRUGADO FLEXIVEL 1 POLEGADA;MT;010102;07; 6,000 ; -   ; 6,000 ; 12,62 ; -   ;LIVOLTEK - VENDAS
9121260800;MP;MP07;CABO FLEXIVEL CL4 1KV HEPR 90°C VEIAS COLOR. PT 3 X 2,5MM;MT;010102;07; 6.993,000 ; 97,000 ; 6.896,000 ; 39.264,30 ; 544,64 ;LIVOLTEK - VENDAS
9121260801;MP;MP07;CABO FLEXIVEL 1KV SIL PT 3 X 4MM;MT;010102;07; 4.531,000 ; -   ; 4.531,000 ; 40.000,12 ; -   ;LIVOLTEK - VENDAS
9121290202;MP;MP07;CABO SOLAR 4MM² ISOLACAO 1,8KVCC 90°C - COR PRETO;MT;010102;07; 15,000 ; -   ; 15,000 ; 50,96 ; -   ;LIVOLTEK - VENDAS
9121290203;MP;MP07;CABO SOLAR 4MM² ISOLACAO 1,8KVCC 90°C - COR VERMELHO;MT;010102;07; 15,000 ; -   ; 15,000 ; 50,96 ; -   ;LIVOLTEK - VENDAS
9121290220;MP;MP07;CABRNAX 90°C 1KV 4,0MM AZUL BB;MT;010102;07; 1.674,000 ; -   ; 1.674,000 ; 4.456,02 ; -   ;LIVOLTEK - VENDAS
9121290221;MP;MP07;CABRNAX 90°C 1KV 4,0MM PRETO BB;MT;010102;07; 667,000 ; -   ; 667,000 ; 1.809,44 ; -   ;LIVOLTEK - VENDAS
9121290222;MP;MP07;CABO COBRE 1 X 6MM² ISOLACAO 1 KV 90°C - COR VERDE COM AMARELO;MT;010102;07; 3,000 ; -   ; 3,000 ; 16,24 ; -   ;LIVOLTEK - VENDAS
9121290223;MP;MP07;CABRNAX 90°C 1KV 16,0MM VERMELHO BB;MT;010102;07; 223,800 ; -   ; 223,800 ; 2.257,36 ; -   ;LIVOLTEK - VENDAS
9121290224;MP;MP07;CABRNAX 90°C 1KV 16,0MM PRETO BB;MT;010102;07; 263,800 ; -   ; 263,800 ; 2.636,29 ; -   ;LIVOLTEK - VENDAS
9121500218;RV;RV01;CABO FOTOVOLTAICO VERMELHO: 6MM2 COOPER + ESTANHADO;MT;010102;07; 8.566,000 ; -   ; 8.566,000 ; 31.491,19 ; -   ;LIVOLTEK - VENDAS
9121500219;RV;RV01;CABO FOTOVOLTAICO PRETO: 6MM2 COOPER + ESTANHADO;MT;010102;07; 8.574,000 ; -   ; 8.574,000 ; 31.520,60 ; -   ;LIVOLTEK - VENDAS
9192220334;MC;MR01;CABO DE ALUMINIO 185MM² COBERTO XLPE 15 KV CLASSE 2;MT;010102;07; 80,000 ; -   ; 80,000 ; 1.331,39 ; -   ;LIVOLTEK - VENDAS
9192220335;MC;MR01;CABO DE ALUMINIO 70 MM² COBERTO XLPE 15 KV CLASSE 2;MT;010102;07; 46,000 ; -   ; 46,000 ; 329,02 ; -   ;LIVOLTEK - VENDAS
9192220336;MC;MR01;CABO DE COBRE FLEXIVEL 120MM² EPR OU XLPE CLASSE 5 0,6/1 KV;MT;010102;07; 15,000 ; -   ; 15,000 ; 1.443,30 ; -   ;LIVOLTEK - VENDAS
9192220337;MC;MR01;CABO DE COBRE FLEXIVEL 25MM² EPR OU XLPE CLASSE 5 0,6/1 KV;MT;010102;07; 78,000 ; -   ; 78,000 ; 1.402,64 ; -   ;LIVOLTEK - VENDAS
9192220338;MC;MR01;CABO DE COBRE 35MM² EPR 8.7/15 KV CLASSE 2;MT;010102;07; 47,000 ; -   ; 47,000 ; 5.228,80 ; -   ;LIVOLTEK - VENDAS
9192220339;MC;MR01;CABO DE COBRE FLEXIVEL 16MM² EPR OU XLPE CLASSE 5 0,6/1 KV;MT;010102;07; 38,000 ; -   ; 38,000 ; 957,89 ; -   ;LIVOLTEK - VENDAS
3090515080;MP;PT01;CABO ESPECIAL DE COMUNICACAO ENTRE BATERIA E INVERSOR;PC;010102;07; 100,000 ; -   ; 100,000 ; 573,59 ; -   ;LIVOLTEK - VENDAS
9120670122;MP;MP08;CONECTOR EMENDA 3 POLOS 6MM;PC;010102;07; 1.419,000 ; -   ; 1.419,000 ; 6.135,76 ; -   ;LIVOLTEK - VENDAS
9120670123;MP;MP08;CONECTOR EMENDA 5 POLOS 6MM;PC;010102;07; 1,000 ; -   ; 1,000 ; 6,31 ; -   ;LIVOLTEK - VENDAS
9120670125;MP;MP07;BORNE PUSH-IN 6MM² 3P COR CINZA 40A;PC;010102;07; 500,000 ; -   ; 500,000 ; 1.476,70 ; -   ;LIVOLTEK - VENDAS
9120694040;MP;MP07;MINIDISJUNTOR UNIPOLAR 3KA CURVA C 20A;PC;010102;07; 62,000 ; -   ; 62,000 ; 374,46 ; -   ;LIVOLTEK - VENDAS
9120694041;MP;MP07;MINIDISJUNTOR UNIPOLAR 3KA CURVA C 10A;PC;010102;07; 496,000 ; -   ; 496,000 ; 2.983,99 ; -   ;LIVOLTEK - VENDAS
9120694042;MP;MP07;DISJUNTOR BIPOLAR SDD62C40 3KA 40A;PC;010102;07; 100,000 ; -   ; 100,000 ; 2.564,23 ; -   ;LIVOLTEK - VENDAS
9120694043;MP;MP07;DISJUNTOR BIPOLAR SD62 CURVA C 3KA 63A;PC;010102;07; 100,000 ; -   ; 100,000 ; 3.781,01 ; -   ;LIVOLTEK - VENDAS
9120694044;MP;MP07;DISJUNTOR MONO SDD61C20 3KA 20A;PC;010102;07; 100,000 ; -   ; 100,000 ; 592,42 ; -   ;LIVOLTEK - VENDAS
9120901014;MP;MP08;POSTE FINAL BORNE K SKEW35;PC;010102;07; 776,000 ; -   ; 776,000 ; 971,63 ; -   ;LIVOLTEK - VENDAS
9121260608;MP;MP03;TERM.ILH TUB.LJ DPL.ISO. CT-3709 4MM;PC;010102;07; 691,000 ; -   ; 691,000 ; 454,82 ; -   ;LIVOLTEK - VENDAS
9121260610;MP;MP03;TERMINAL COMPRESSAO M.MAGNET (6306) 16MM;PC;010102;07; 250,000 ; -   ; 250,000 ; 315,80 ; -   ;LIVOLTEK - VENDAS
9121260620;MP;MP03;BARRAMENTO NEUTRO 06 TERM AZUL FIX 70, 0MM SBN6;PC;010102;07; 177,000 ; -   ; 177,000 ; 2.047,96 ; -   ;LIVOLTEK - VENDAS
9121260621;MP;MP03;BARRAMENTO TERRA 06 TERM VERDE FIX 70, 0MM SBT6;PC;010102;07; 175,000 ; -   ; 175,000 ; 2.202,46 ; -   ;LIVOLTEK - VENDAS
9121260622;MP;MP03;BARRAMENTO TIPO ALCA COM 8 PARAFUSOS M + 2 PARAFUSO M8;PC;010102;07; 1,000 ; -   ; 1,000 ; 7,22 ; -   ;LIVOLTEK - VENDAS
9121290235;MP;MP08;LAMPADA DE LED 9W MODELO BULBO COM ROSCA E27 6500K  BIVOLT;PC;010102;07; 32,000 ; -   ; 32,000 ; 87,94 ; -   ;LIVOLTEK - VENDAS
9121290240;MP;MP07;QUADRO DE DISTRIBUICAO EM PVC DE CIRCUITO ELETRICO DO TIPO SOBREPOR PARA ATE 4 DISJUNTORES COM TRILHO DIN;PC;010102;07; 113,000 ; -   ; 113,000 ; 2.612,53 ; -   ;LIVOLTEK - VENDAS
9121290242;MP;MP07;CAIXA PVC RETANGULAR AM 4 X 2;PC;010102;07; 890,000 ; -   ; 890,000 ; 879,94 ; -   ;LIVOLTEK - VENDAS
9121290244;MP;MP07;PLACA CEGA 4X2 C/ SUPORTE CANOA;PC;010102;07; 898,000 ; -   ; 898,000 ; 2.414,00 ; -   ;LIVOLTEK - VENDAS
9121290281;MP;MP07;ABRACADEIRA PARA CABO PP;PC;010102;07; 114,000 ; -   ; 114,000 ; 74,34 ; -   ;LIVOLTEK - VENDAS
9121290315;MP;MP07;CAIXA PVC OCTAGONAL PASSAGEM PARA TETO (SIGFI) - CAIXA DE LUZ OCTOFONAL 4X4 AMARELA (SIGFI);PC;010102;07; 887,000 ; -   ; 887,000 ; 2.300,70 ; -   ;LIVOLTEK - VENDAS
2080900350;MP;MP09;DISPOSITIVO DE PROTECAO CONTRA SURTOS (DPS) 670V PV20K-670 34*26*14MM;UN;010102;07; 1.300,000 ; -   ; 1.300,000 ; 10.130,12 ; -   ;LIVOLTEK - VENDAS
2140103240;MP;MP08;ANTENA FRP N (ZK) 902-928MHZ - 2DBI L285MM (2140103240);UN;010102;07; 311,000 ; -   ; 311,000 ; 6.299,71 ; -   ;LIVOLTEK - VENDAS
3010913290;MP;MP09;MINI DISJUNTOR CC LIVOLTEK LTB2Z-63 2P 1000V 40A (LTB2Z-63 -40A) (3010913290);UN;010102;07; 72,000 ; -   ; 72,000 ; 1.856,04 ; -   ;LIVOLTEK - VENDAS
3010914640;MP;MP08;DISJUNTOR BIPOLAR CC 1000V 63A;UN;010102;07; 154,000 ; -   ; 154,000 ; 3.945,26 ; -   ;LIVOLTEK - VENDAS
3010914690;MP;MP08;DISJUNTOR MONOPOLAR CA 415V 20A;UN;010102;07; 155,000 ; -   ; 155,000 ; 568,25 ; -   ;LIVOLTEK - VENDAS
3012103830;MP;MP08;TERMINAL ELETRICO MC4 FEMEA;UN;010102;07; 6.182,000 ; -   ; 6.182,000 ; 10.591,62 ; -   ;LIVOLTEK - VENDAS
3012103860;MP;MP08;CONECTOR MC4 MACHO;UN;010102;07; 6.540,000 ; -   ; 6.540,000 ; 7.901,63 ; -   ;LIVOLTEK - VENDAS
3012103890;MP;MP08;CONECTOR MC4 FEMEA;UN;010102;07; 6.409,000 ; -   ; 6.409,000 ; 5.426,50 ; -   ;LIVOLTEK - VENDAS
3012103900;MP;MP08;TERMINAL ELETRICO MC4 MACHO;UN;010102;07; 6.095,000 ; -   ; 6.095,000 ; 7.432,24 ; -   ;LIVOLTEK - VENDAS
3013000870;MP;MP07;INTERRUPTOR SECCIONADOR DC PEDS150H-HM50-6F;UN;010102;07; 1.000,000 ; -   ; 1.000,000 ; 52.093,20 ; -   ;LIVOLTEK - VENDAS
3013100020;MP;MP07;INTERRUPTOR SECCIONADOR DC PEDS150-HM3;UN;010102;07; 2.100,000 ; -   ; 2.100,000 ; 68.420,10 ; -   ;LIVOLTEK - VENDAS
3013200300;MP;MP09;DPS CC LIVOLTEK LSP-40 2P 600V 40KA (LSP-40/2) (3013200300);UN;010102;07; 280,000 ; -   ; 280,000 ; 8.220,58 ; -   ;LIVOLTEK - VENDAS
3013200360;MP;MP07;DISPOSITIVO DE PROTECAO CONTRA SURTOS DPS CLASSE II 275V QUADRIPOLAR;UN;010102;07; 301,000 ; -   ; 301,000 ; 3.066,17 ; -   ;LIVOLTEK - VENDAS
3013603080;MP;MP07;TRANSFORMADOR DE CORRENTE BH50I-1000A/5A MONOFASICO CLASSE 0.5;UN;010102;07; 48,000 ; -   ; 48,000 ; 1.789,30 ; -   ;LIVOLTEK - VENDAS
3030702210;MP;MP03;PARAFUSO DE EXPANSAO M6*60 ACO INOXIDAVEL SUS304 MEIA ROSCA (3030702210);UN;010102;07; 622,000 ; -   ; 622,000 ; 682,65 ; -   ;LIVOLTEK - VENDAS
3042302970;MP;MP07;CONECTOR TERMINAL PRE-ISOLADO SIMPLES ESTANHADO ISOLADO 750V;UN;010102;07; 1.680,000 ; -   ; 1.680,000 ; 158,09 ; -   ;LIVOLTEK - VENDAS
3042305120;MP;MP03;TERMINAL TUBULAR 6MM² ISOLADO 12MM (E6012) (3042305120);UN;010102;07; 2.138,000 ; -   ; 2.138,000 ; 93,43 ; -   ;LIVOLTEK - VENDAS
3042306070;MP;MP07;CONECTOR TERMINAL ILHOS TUBULAR 4-6MM² 750V;UN;010102;07; 1.917,000 ; -   ; 1.917,000 ; 136,11 ; -   ;LIVOLTEK - VENDAS
3051506010;MP;MP03;SUPORTE DE MONTAGEM (LONGO) SUS304 DE ACO INOXIDAVEL 1,2 MM 224×60×102MM 30515-EA7 (3051506010);UN;010102;07; 311,000 ; -   ; 311,000 ; 2.453,35 ; -   ;LIVOLTEK - VENDAS
3051701630;MP;MP03;ARO SUS304 DE ACO INOXIDAVEL 0,3MM 1100*10MM 30517-BXI-03 FORMA DE DENTE (3051701630);UN;010102;07; 311,000 ; -   ; 311,000 ; 191,14 ; -   ;LIVOLTEK - VENDAS
3061700120;MP;MP07;POSTE FINAL PARA TRILHO DIN;UN;010102;07; 1.370,000 ; -   ; 1.370,000 ; 186,05 ; -   ;LIVOLTEK - VENDAS
6001016490;RV;RV01;MODULO DE ACUMULADORES ELETRICOS LEOCH 7,2KWH 48V 150AH;UN;010102;07; 100,000 ; -   ; 100,000 ; 480.181,00 ; -   ;LIVOLTEK - VENDAS
8010300780;MP;MP07;CABO SOLAR 1,8 KV CC VERMELHO;UN;010102;07; 1.240,000 ; -   ; 1.240,000 ; 3.206,64 ; -   ;LIVOLTEK - VENDAS
8010400610;MP;MP08;BORNE PUSH IN 3P 6MM PARA TRILHO DIN 1000V 41A;UN;010102;07; 476,000 ; -   ; 476,000 ; 1.413,15 ; -   ;LIVOLTEK - VENDAS
8010400620;MP;MP08;BORNE DUPLO 2 CONEXOES 6MM² PARA TRILHO DIN 1000V 41A;UN;010102;07; 600,000 ; -   ; 600,000 ; 941,28 ; -   ;LIVOLTEK - VENDAS
8010400640;MP;MP03;GRAMPO DE COBRE PARA HASTE DE ATERRAMENTO 5/8;UN;010102;07; 154,000 ; -   ; 154,000 ; 642,97 ; -   ;LIVOLTEK - VENDAS
8010400650;MP;MP07;CONECTOR TERMINAL OLHAL 16MM² 750V;UN;010102;07; 543,000 ; -   ; 543,000 ; 462,20 ; -   ;LIVOLTEK - VENDAS
8010400660;MP;MP07;CONECTOR TERMINAL COMPRESSAO 16MM² TIPO PINO CHATO 750V;UN;010102;07; 608,000 ; -   ; 608,000 ; 642,72 ; -   ;LIVOLTEK - VENDAS
8010500480;MP;MP03;CHAPA DE ACO METALICA DE 1.6M²;UN;010102;07; 291,000 ; -   ; 291,000 ; 16.371,98 ; -   ;LIVOLTEK - VENDAS
8010500490;MP;MP03;PARAFUSO AUTOPERFURANTE M6*20MM SEXTAVADO GALVANIZACAO ZINCADO ROSCA COMPLETA;UN;010102;07; 3.428,000 ; -   ; 3.428,000 ; 955,04 ; -   ;LIVOLTEK - VENDAS
8040101110;RV;RV01;MODULO FOTOVOLTAICO 700WP BIFACIAL HJT RISEN (RSM132-8-700BHDG);UN;010102;07; 1.088,000 ; -   ; 1.088,000 ; 482.177,88 ; -   ;LIVOLTEK - VENDAS
8990011930;MP;MP08;CONTATOR ELETRICO PARA COMANDO DE CIRCUITOS E CONTROLE DE GERADORES ATE 1000V - 2100A;UN;010102;07; 1,000 ; -   ; 1,000 ; 5.339,04 ; -   ;LIVOLTEK - VENDAS
8990011950;MP;MP07;INTERRUPTOR SECCIONADOR PARA MANOBRA DE CIRCUITOS ATE 1000 V EM SISTEMAS DE DISTRIBUICAO;UN;010102;07; 5,000 ; -   ; 5,000 ; 15.311,09 ; -   ;LIVOLTEK - VENDAS
8990018010;RV;RV01;TRANSFORMADOR DE CORRENTE COM RELACAO DE 2000/5 A CLASSE 0,2S 5 VA;UN;010102;07; 12,000 ; -   ; 12,000 ; 13.895,44 ; -   ;LIVOLTEK - VENDAS
8990020470;MP;MP08;CONTATOR ELETRICO PARA COMANDO DE CIRCUITOS E CONTROLE DE GERADORES ATE 1000 V;UN;010102;07; 2,000 ; -   ; 2,000 ; 10.793,07 ; -   ;LIVOLTEK - VENDAS
8990023740;MP;MP08;CONTATOR ELETRICO PARA COMANDO DE CIRCUITOS E CONTROLE DE GERADORES ATE 1000V - 550A;UN;010102;07; 1,000 ; -   ; 1,000 ; 306,59 ; -   ;LIVOLTEK - VENDAS
8990023770;MP;MP08;CONTATOR ELETRICO PARA COMANDO DE CIRCUITOS E CONTROLE DE GERADORES ATE 1000V - 2600A;UN;010102;07; 1,000 ; -   ; 1,000 ; 6.471,52 ; -   ;LIVOLTEK - VENDAS
8990025050;RV;RV01;TRANSFORMADOR DE CORRENTE COM RELACAO DE 2500/5 A CLASSE 0,2S 5 VA;UN;010102;07; 12,000 ; -   ; 12,000 ; 19.235,83 ; -   ;LIVOLTEK - VENDAS
8990025090;RV;RV01;TRANSFORMADOR DE CORRENTE COM RELACAO DE 500/5 A CLASSE 0,2S 5 VA;UN;010102;07; 12,000 ; -   ; 12,000 ; 2.994,73 ; -   ;LIVOLTEK - VENDAS
8990025110;RV;RV01;TRANSFORMADOR DE CORRENTE 1000/5 A CLASSE 0,2S 5 VA;UN;010102;07; 24,000 ; -   ; 24,000 ; 7.221,35 ; -   ;LIVOLTEK - VENDAS
9120258608;MP;MP03;CHAPA DE ACO 1,6 MM² 60CM X 60CM;UN;010102;07; 18,000 ; -   ; 18,000 ; 4.260,59 ; -   ;LIVOLTEK - VENDAS
9120265127;MP;MP03;PORCA INOX SEXTAVADA CHAVE 14, 3/8 -  M14;UN;010102;07; 995,000 ; -   ; 995,000 ; 1.263,65 ; -   ;LIVOLTEK - VENDAS
9120292408;MP;MP03;ARRUELA INOX LISA M14;UN;010102;07; 45,000 ; -   ; 45,000 ; 4,90 ; -   ;LIVOLTEK - VENDAS
9120292409;MP;MP03;ARRUELA INOX DE PRESSAO M14;UN;010102;07; 45,000 ; -   ; 45,000 ; 6,55 ; -   ;LIVOLTEK - VENDAS
9120590570;MP;MP03;TORRE METALICA PARA 2 MODULOS FV (SIGFI);UN;010102;07; 24,000 ; -   ; 24,000 ; 44.527,50 ; -   ;LIVOLTEK - VENDAS
9120590571;MP;MP03;TORRE METALICA PARA 3 MODULOS FV (SIGFI);UN;010102;07; 5,000 ; -   ; 5,000 ; 9.514,85 ; -   ;LIVOLTEK - VENDAS
9120590572;MP;MP03;TORRE METALICA PARA 4 MODULOS FV (SIGFI);UN;010102;07; 15,000 ; -   ; 15,000 ; 29.610,30 ; -   ;LIVOLTEK - VENDAS
9120691416;MP;MP07;PROTETOR DE SURTO CLASSE II S/ SINALIZACAO REMOTA275VCA IN=20KA IMAX=45KA;UN;010102;07; 200,000 ; -   ; 200,000 ; 5.770,24 ; -   ;LIVOLTEK - VENDAS
9120692066;RV;RV01;INVERSOR ON-GRID LIVOLTEK GT1-3K6D1;UN;010102;07; 12,000 ; -   ; 12,000 ; 23.862,61 ; -   ;LIVOLTEK - VENDAS
9121166303;MP;MP03;PARAFUSO CABECA SEXTAVADA EM ACO INOX M13*30MM;UN;010102;07; 90,000 ; -   ; 90,000 ; 81,78 ; -   ;LIVOLTEK - VENDAS
9121182040;MP;MP03;PARAFUSO CAB.CHATA PHS 4,8X50MM D8;UN;010102;07; 41,000 ; -   ; 41,000 ; 5,86 ; -   ;LIVOLTEK - VENDAS
9121183801;MP;MP03;PARAFUSO AUTOBROCANTE M6 X 20MM;UN;010102;07; 128,000 ; -   ; 128,000 ; 28,33 ; -   ;LIVOLTEK - VENDAS
9121260605;MP;MP03;TERMINAL TUBULAR ILHOS PRE ISOLADO 2,5MM;UN;010102;07; 82,000 ; -   ; 82,000 ; 7,86 ; -   ;LIVOLTEK - VENDAS
9121260606;MP;MP03;TERMINAL TUBULAR ILHOS DUPLO 2,5MM;UN;010102;07; 207,000 ; -   ; 207,000 ; 60,15 ; -   ;LIVOLTEK - VENDAS
9121260607;MP;MP03;TERM.ILHOS TUB.CZ 692815 4MM;UN;010102;07; 714,000 ; -   ; 714,000 ; 69,47 ; -   ;LIVOLTEK - VENDAS
9121260611;MP;MP03;TERMINAL TUBULAR ILHOS PRE-ISOLADO 6MM;UN;010102;07; 1.180,000 ; -   ; 1.180,000 ; 257,00 ; -   ;LIVOLTEK - VENDAS
9121260612;MP;MP03;TERMINAL TUBULAR ILHOS DUPLO PRE-ISOLADO 6MM;UN;010102;07; 1.577,000 ; -   ; 1.577,000 ; 818,94 ; -   ;LIVOLTEK - VENDAS
9121260614;MP;MP03;TERMINAL OLHAL PRE ISOLADO PARA CABO 4-6MM²;UN;010102;07; 92,000 ; -   ; 92,000 ; 40,08 ; -   ;LIVOLTEK - VENDAS
9121290210;MP;MP03;ESTRUTURA METALICA PARA TELHADO CERAMICO - PERFIL 2,40;UN;010102;07; 465,000 ; -   ; 465,000 ; 131.121,49 ; -   ;LIVOLTEK - VENDAS
9121290236;MP;MP08;CONJUNTO SOB. 1 TOM. 2P+T BC JERI PLUS 10A;UN;010102;07; 3,000 ; -   ; 3,000 ; 14,83 ; -   ;LIVOLTEK - VENDAS
9121290280;MP;MP07;BUCHA NYLON BRANCA DT-8 8MM;UN;010102;07; 226,000 ; -   ; 226,000 ; 20,54 ; -   ;LIVOLTEK - VENDAS
9121500036;RV;RV01;COLUNA DE FIXACAO, DE ACO, PARA MONTAGEM DE ESTRUTURA FIXA DE CARREGADOR VEICULAR;UN;010102;07; 17,000 ; -   ; 17,000 ; 4.163,99 ; -   ;LIVOLTEK - VENDAS
9121520058;RV;RV01;INVERSOR ON-GRID TRIFASICO 25KW 220V  - GT3-25KQL1R11002;UN;010102;07; 2,000 ; 2,000 ; -   ; 13.352,86 ; 13.352,86 ;LIVOLTEK - VENDAS
9122001687;MC;FE01;TERMINAL ELETRICO DO TIPO OLHAL DE COMPRESSAO PARA CABO 35MM² COM FURO 8MM;UN;010102;07; 50,000 ; -   ; 50,000 ; 90,75 ; -   ;LIVOLTEK - VENDAS
9191271061;RV;RV01;KIT TELHADO FIBROCIMENTO FIX MADE 200 MM 4 MODULOS STD;UN;010102;07; 2.196,000 ; -   ; 2.196,000 ; 533.827,40 ; -   ;LIVOLTEK - VENDAS
9191271062;RV;RV01;KIT TELHADO FIBROMETAL FIX MTL 250 MM 4 MODULOS STD;UN;010102;07; 416,000 ; -   ; 416,000 ; 95.637,19 ; -   ;LIVOLTEK - VENDAS
9191271063;RV;RV01;KIT MINI TRILHO BAIXO P-1 PARA 4 MODULOS 300 MM;UN;010102;07; 252,000 ; -   ; 252,000 ; 18.685,17 ; -   ;LIVOLTEK - VENDAS
9191271064;RV;RV01;TRIANGULO RETRATO TELESCOPIO 4 MODULOS 15° A 30° LAJE;UN;010102;07; 42,000 ; -   ; 42,000 ; 25.692,48 ; -   ;LIVOLTEK - VENDAS
9191271065;RV;RV01;KIT SOLO EASY LINE 4 MODULOS - 1134X2279;UN;010102;07; 799,000 ; -   ; 799,000 ; 500.092,18 ; -   ;LIVOLTEK - VENDAS
9192219832;RV;RV01;KIT TELHADO FIBROCIMENTO P/ MADEIRA METALLIGHT 4 MODULOS STD;UN;010102;07; 667,000 ; -   ; 667,000 ; 193.212,49 ; -   ;LIVOLTEK - VENDAS
9192219833;RV;RV01;KIT TELHADO FIBROCIMENTO P/ METALICO METALLIGHT 4 MODULOS STD;UN;010102;07; 440,000 ; -   ; 440,000 ; 127.456,56 ; -   ;LIVOLTEK - VENDAS
A0070230E11R11302;RV;RV01;CARREGADOR VEICULAR LIVOLTEK  CA 7.3KW  ATOM  230V  32A  CABO 5M  1XTIPO 2  BT  WI-FI  ETH  HARDWARE A21  BO;UN;010102;07; 8,000 ; -   ; 8,000 ; 8.031,27 ; -   ;LIVOLTEK - VENDAS
A0070230E11R11305;RV;RV01;CARREGADOR VEICULAR  LIVOLTEK  CA 7.3KW  ATOM  230V  32A  CABO 5M  1XTIPO 2  BT  WI-FI (FC41D)  BOTAO DE EMERG;UN;010102;07; 8,000 ; -   ; 8,000 ; 6.920,84 ; -   ;LIVOLTEK - VENDAS
A0220400E11R11004;RV;RV01;CARREGADOR VEICULAR  LIVOLTEK  CA 22KW  ATOM  400V  32A  CABO 5M  1XTIPO 2  BT  WI-FI (FC41D)  BOTAO DE EMERGE;UN;010102;07; 8,000 ; -   ; 8,000 ; 9.726,12 ; -   ;LIVOLTEK - VENDAS
AC1-AIOR11001;RV;RV01;CAIXA DE ALUMINIO FUNDIDO PARA ALOCACAO DE BATERIAS DE LITIO PARA USO EM INVERSORES FOTOVOLTAICOS;UN;010102;07; 60,000 ; -   ; 60,000 ; 33.475,41 ; -   ;LIVOLTEK - VENDAS
BHF-B51100R23001;RV;RV01;MODULO DE BATERIA 5,12 KWH MODELO BHF-B51100;UN;010102;07; 10,000 ; -   ; 10,000 ; 35.043,83 ; -   ;LIVOLTEK - VENDAS
BHF-C01YDR12001;RV;RV01;MODULO DE CONTROLE DE BATERIA BHF-B51100;UN;010102;07; 2,000 ; -   ; 2,000 ; 5.855,03 ; -   ;LIVOLTEK - VENDAS
BHF-X261DR11001;MP;MP08;MODULO BHF-X261DR11001 MODULO DE BATERIA 832V 261KWH IP55 GABINETE UNICO;UN;010102;07; 1,000 ; -   ; 1,000 ; 102.911,39 ; -   ;LIVOLTEK - VENDAS
BHF-X261DR12001;MP;MP08;MODULO BHF-X261DR12001 MODULO DE BATERIA 832V 261KWH IP55 GABINETE UNICO;UN;010102;07; 24,000 ; -   ; 24,000 ; 2.668.964,36 ; -   ;LIVOLTEK - VENDAS
BLF-B51100R21001;RV;RV01;MODULO DE ACUMULADORES ELETRICOS 100AH (BLF-B51100R21001);UN;010102;07; 72,000 ; -   ; 72,000 ; 290.626,56 ; -   ;LIVOLTEK - VENDAS
BLF-B51100R22001;RV;RV01;BATERIA DE LITIO 51,2V 100AH 5,12KWH BLF-B51100R22001;UN;010102;07; 35,000 ; -   ; 35,000 ; 118.020,56 ; -   ;LIVOLTEK - VENDAS
BLF-B51150R11001;RV;RV01;BATERIA DE LITIO 51,2V 150AH 7.68KWH BLF- B1150;UN;010102;07; 2.151,000 ; -   ; 2.151,000 ; 11.994.501,70 ; -   ;LIVOLTEK - VENDAS
BLF51-5R31001;RV;MP07;BATERIA RECARREGAVEL DE ION DE LITIO (BLF51-5R31001);UN;010102;07; 42,000 ; -   ; 42,000 ; 160.879,11 ; -   ;LIVOLTEK - VENDAS
C04010E2EAFER11003;RV;RV01;CARREGADOR VEICULAR LIVOLTEK CC 40KW MC 133A  2XCCS2 WALL-MOUNT 4G LATAM PPOS;UN;010102;07; 16,000 ; -   ; 16,000 ; 380.397,13 ; -   ;LIVOLTEK - VENDAS
CS00000082;MC;CS03;GAS GLP ENVAZADO 20KG;UN;010102;07; 4,000 ; 4,000 ; -   ; 879,54 ; 879,54 ;LIVOLTEK - VENDAS
D0300380E1EYW11001;RV;RV01;D0301000E21 - CARREGADOR VEICULAR CC, POTENCIA NOMINAL DE 30KW, DIMENSOES 450 * 145 * 680 MM;UN;010102;07; 9,000 ; -   ; 9,000 ; 77.462,30 ; -   ;LIVOLTEK - VENDAS
DTSU2591R11001;MP;MP07;MEDIDOR DE ENERGIA DIGITAL TRIFASICO SMART METER PARA CORRENTE ALTERNADA;UN;010102;07; 94,000 ; -   ; 94,000 ; 9.612,72 ; -   ;LIVOLTEK - VENDAS
GT1-6KD2R11008;RV;RV01;INVERSOR FOTOVOLTAICO, INVERSOR ON-GRID MONOFASICO 6KW 220V 2 MPPT GT1-6KD2R11008;UN;010102;07; 16,000 ; -   ; 16,000 ; 19.616,08 ; -   ;LIVOLTEK - VENDAS
GT3-100K-1R11002;RV;RV01;INVERSOR FOTOVOLTAICO, INVERSOR ON-GRID TRIFASICO 100KW 380V 10 MPPT GT3-100K-1R11002;UN;010102;07; 18,000 ; -   ; 18,000 ; 238.678,52 ; -   ;LIVOLTEK - VENDAS
GT3-110K-1R11002;RV;RV01;INVERSOR FOTOVOLTAICO, INVERSOR ON-GRID TRIFASICO 110KW 380V 10 MPPT GT3-110K-1R11002;UN;010102;07; 22,000 ; -   ; 22,000 ; 291.718,20 ; -   ;LIVOLTEK - VENDAS
GT3-125K-1R11002;RV;RV01;INVERSOR FOTOVOLTAICO, INVERSOR ON-GRID TRIFASICO 125KW 380V 10 MPPT GT3-125K-1R11002;UN;010102;07; 14,000 ; -   ; 14,000 ; 186.289,81 ; -   ;LIVOLTEK - VENDAS
GT3-15KD1R11001;RV;RV01;INVERSOR FOTOVOLTAICO MODELO GT3-15KD1;UN;010102;07; 160,000 ; -   ; 160,000 ; 316.542,43 ; -   ;LIVOLTEK - VENDAS
GT3-20KD1R11001;RV;RV01;INVERSOR FOTOVOLTAICO MODELO GT3 -20KD1;UN;010102;07; 54,000 ; -   ; 54,000 ; 160.763,75 ; -   ;LIVOLTEK - VENDAS
GT3-20KD1R11008;RV;RV01;INVERSOR FOTOVOLTAICO, INVERSOR ON-GRID TRIFASICO 20KW 380V 2 MPPT GT3-20KD1R11008;UN;010102;07; 10,000 ; -   ; 10,000 ; 42.124,98 ; -   ;LIVOLTEK - VENDAS
GT3-20KTL1R11002;RV;RV01;INVERSOR TRIFASICO 220V ON-GRID GT3-20KTL1 AFCI;UN;010102;07; 9,000 ; -   ; 9,000 ; 49.642,73 ; -   ;LIVOLTEK - VENDAS
GT3-22K-DW00101;MP;AN01;INVERSOR FOTOVOLTAICO MODELO GT3-22K-D;UN;010102;07; 4,000 ; -   ; 4,000 ; 40.558,50 ; -   ;LIVOLTEK - VENDAS
GT3-25K-DW00101;MP;MP07;INVERSOR ON-GRID TRIFASICO 2MPPT, 380V, COR BRANCO, LIVOLTEK, MODELO GT3-25K-D;UN;010102;07; 9,000 ; -   ; 9,000 ; 27.592,16 ; -   ;LIVOLTEK - VENDAS
GT3-25KD1R11001;RV;RV01;INVERSOR ON-GRID LIVOLTEK GT3-25KD1.;UN;010102;07; 14,000 ; -   ; 14,000 ; 32.165,12 ; -   ;LIVOLTEK - VENDAS
GT3-30KQL1R11002;RV;RV01;INVERSOR TRIFASICO 220V ON-GRID GT3-30KQL1 AFCI;UN;010102;07; 1,000 ; -   ; 1,000 ; 7.609,04 ; -   ;LIVOLTEK - VENDAS
GT3-37K5Q1R11002;RV;RV01;INVERSOR TRIFASICO 380V ON-GRID GT3-37K5Q AFCI;UN;010102;07; 133,000 ; -   ; 133,000 ; 928.720,65 ; -   ;LIVOLTEK - VENDAS
GT3-37K5T1R11002;RV;RV01;INVERSOR FOTOVOLTAICO, INVERSOR ON-GRID TRIFASICO 37K5W 380V 3 MPPT GT3-37K5T1R11002;UN;010102;07; 2,000 ; -   ; 2,000 ; 8.707,35 ; -   ;LIVOLTEK - VENDAS
GT3-50KQ1R11002;RV;RV01;INVERSOR FOTOVOLTAICO, INVERSOR ON-GRID TRIFASICO 50KW 380V 4 MPPT GT3-50KQ1R11002;UN;010102;07; 2,000 ; -   ; 2,000 ; 13.352,86 ; -   ;LIVOLTEK - VENDAS
GT3-60KL11R11002;RV;RV01;INVERSOR ON-GRID TRIFASICO 60KW 220V 6 MPPT AFCI - GT3-60KL11-2;UN;010102;07; 22,000 ; -   ; 22,000 ; 276.065,01 ; -   ;LIVOLTEK - VENDAS
GT3-60KQ1R11002;RV;RV01;INVERSOR FOTOVOLTAICO, INVERSOR ON-GRID TRIFASICO 60KW 380V 4 MPPT GT3-60KQ1R11002;UN;010102;07; 13,000 ; -   ; 13,000 ; 85.437,39 ; -   ;LIVOLTEK - VENDAS
GT3-60KW00101;MP;MP07;INVERSOR ON-GRID TRIFASICO 4MPPT, 380V, COR BRANCO, LIVOLTEK, MODELO GT3-60K;UN;010102;07; 3,000 ; -   ; 3,000 ; 113.623,96 ; -   ;LIVOLTEK - VENDAS
GT3-75K-11R11002;RV;RV01;INVERSOR FOTOVOLTAICO, INVERSOR ON-GRID TRIFASICO 75KW 380V 6 MPPT GT3-75K-11R11002;UN;010102;07; 96,000 ; -   ; 96,000 ; 1.202.926,56 ; -   ;LIVOLTEK - VENDAS
GT3-75KL11R11002;RV;RV01;INVERSOR ON-GRID TRIFASICO 75KW 220V 6 MPPT AFCI - GT3-75KL11-2;UN;010102;07; 76,000 ; -   ; 76,000 ; 932.217,32 ; -   ;LIVOLTEK - VENDAS
GT3-75KL1R11002;RV;RV01;INVERSOR ON-GRID TRIFASICO GT3 -75KL1 220V AFCI;UN;010102;07; 1,000 ; -   ; 1,000 ; 20.505,56 ; -   ;LIVOLTEK - VENDAS
HP1-1K5L2R11001;RV;RV01;INVERSOR HIBRIDO MONOFASICO 1,5KW 127V 1 MPPT AFCI -HP1-1K5L2;UN;010102;07; 102,000 ; -   ; 102,000 ; 287.042,99 ; -   ;LIVOLTEK - VENDAS
HP1-1K5S2R11001;RV;RV01;INVERSOR HIBRIDO MONOFASICO 1,5KW 220V 1 MPPT AFCI - HP1-1K5S2;UN;010102;07; 149,000 ; -   ; 149,000 ; 260.152,73 ; -   ;LIVOLTEK - VENDAS
HP1-3KL2R11001;RV;RV01;INVERSOR HIBRIDO MONOFASICO 3KW 127V 2 MPPT AFCI -HP1-3KL2;UN;010102;07; 3,000 ; -   ; 3,000 ; 8.770,67 ; -   ;LIVOLTEK - VENDAS
HP1-3KS2R11001;RV;RV01;INVERSORES PARA SISTEMAS FOTOVOLTAICOS HIBRIDO MONOFASICO 3KW 127V 2 MPPT AFCI;UN;010102;07; 16,000 ; -   ; 16,000 ; 44.609,17 ; -   ;LIVOLTEK - VENDAS
HP1-7K5S2MR11001;RV;RV01;INVERSORES PARA SISTEMAS FOTOVOLTAICOS HIBRIDO MONOFASICO 7,5KW 220V 2 MPPT AFCI - HP1-7K5S2M;UN;010102;07; 10,000 ; -   ; 10,000 ; 45.408,21 ; -   ;LIVOLTEK - VENDAS
HP3-25KT2R11002;RV;RV01;INVERSOR HIBRIDO TRIFASICO HP3 -25KT2 380V AFCI;UN;010102;07; 2,000 ; -   ; 2,000 ; 11.883,17 ; -   ;LIVOLTEK - VENDAS
HXCB10R02101;RV;RV01;DC STRING BOX HXCB10-1/1 1000V 40A WITHOUT MCB;UN;010102;07; 77,000 ; -   ; 77,000 ; 14.753,22 ; -   ;LIVOLTEK - VENDAS
HXCB10R02102;MP;MP07;DC STRING BOX HXCB10-2/2 1000V 40A WITHOUT MCB;UN;010102;07; 178,000 ; -   ; 178,000 ; 40.342,03 ; -   ;LIVOLTEK - VENDAS
HXCB10R02103;MP;MP07;DC STRING BOX HXCB06-1/1 600V 40A WITHOUT MCB;UN;010102;07; 171,000 ; -   ; 171,000 ; 27.970,15 ; -   ;LIVOLTEK - VENDAS
HXCB10R02104;MP;MP07;DC STRING BOX HXCB06-2/2 600V 40A WITHOUT MCB;UN;010102;07; 334,000 ; -   ; 334,000 ; 72.289,06 ; -   ;LIVOLTEK - VENDAS
HXCB20R02001;RV;RV01;AC STRING BOX HXDB20-2P 20A;UN;010102;07; 54,000 ; -   ; 54,000 ; 7.328,14 ; -   ;LIVOLTEK - VENDAS
HXCB20R02002;RV;RV01;AC STRING BOX HXDB40-2P 40A;UN;010102;07; 254,000 ; -   ; 254,000 ; 39.673,91 ; -   ;LIVOLTEK - VENDAS
HXCB20R02003;RV;RV01;AC STRING BOX HXDB63-2P 63A;UN;010102;07; 131,000 ; -   ; 131,000 ; 21.664,30 ; -   ;LIVOLTEK - VENDAS
HXCB20R02101;RV;RV01;AC STRING BOX HXDB50-3P 50A;UN;010102;07; 220,000 ; -   ; 220,000 ; 41.829,44 ; -   ;LIVOLTEK - VENDAS
HXEDE081R10001;RV;RV01;MONITOR DE ENERGIA ELETRICA HXEDE081;UN;010102;07; 5,000 ; -   ; 5,000 ; 4.242,18 ; -   ;LIVOLTEK - VENDAS
HXEM100R10003;RV;RV01;GERENCIADOR DE ARMAZENAMENTO DE ENERGIA IEMS 2000 HXEM100;UN;010102;07; 42,000 ; 1,000 ; 41,000 ; 956.331,86 ; 22.769,81 ;LIVOLTEK - VENDAS
JKM555M-72HL4;RV;RV01;MODULO SOLAR FOTOVOLTAICO JINKO TIGER PRO 72HC 555WP P-TYPE MONOFACIAL (JKM555M-72HL4-V);UN;010102;07; 154,000 ; -   ; 154,000 ; 58.905,00 ; -   ;LIVOLTEK - VENDAS
LHE12DRR12001;RV;RV01;MEDIDOR INTELIGENTE (CONTADOR DE ELETRICIDADE) LHE12DR (LHE12DRR12001);UN;010102;07; 22,000 ; -   ; 22,000 ; 6.792,17 ; -   ;LIVOLTEK - VENDAS
LHE34DRR11001;RV;RV01;MEDIDOR DE ENERGIA  (CONTADOR DE ELETRICIDADE)  TRIFASICO, DIGITAL, LHE34DRR11001.;UN;010102;07; 239,000 ; -   ; 239,000 ; 23.118,06 ; -   ;LIVOLTEK - VENDAS
LHPE72JR11001;MP;MP08;MEDIDOR ELETRONICO TRIFASICO DE ENERGIA LHPE72J 220 V ATE 10000 IMP/KWH;UN;010102;07; 4,000 ; -   ; 4,000 ; 1.631,06 ; -   ;LIVOLTEK - VENDAS
LHPE72TR11001;RV;RV01;MEDIDOR DE ENERGIA (CONTADOR DE ELETRICIDADE) TRIFASICO, DIGITAL, PARA CORRENTE ALTERNADA, SMART METER DIGITAL MODELO LH;UN;010102;07; 16,000 ; -   ; 16,000 ; 5.505,32 ; -   ;LIVOLTEK - VENDAS
M1201000E2EYR11001;RV;RV01;CARREGADOR VEICULAR  LIVOLTEK  CC 120KW  MF  250A  2XCCS2  GESTAO DE CABOS  MCCB/RCD;UN;010102;07; 2,000 ; -   ; 2,000 ; 92.024,85 ; -   ;LIVOLTEK - VENDAS
PCS-125KG1R21001;MP;MP08;CONVERSOR 125KW 125KW 380VCA IP66 EFICIENCIA ATE 99% OPERACAO -30°C A 60°C;UN;010102;07; 32,000 ; -   ; 32,000 ; 596.116,61 ; -   ;LIVOLTEK - VENDAS
PSD1000R11001;RV;RV01;MODULO DE COMUNICACAO PARA TRANSMISSAO E RECEPCAO DE DADOS EM REDES SEM FIO (WLAN) PSD1000R11001;UN;010102;07; 49,000 ; -   ; 49,000 ; 5.956,69 ; -   ;LIVOLTEK - VENDAS
QNM182-HS555-72;RV;RV01;MODULO SOLAR QNM182-HS555-72;UN;010102;07; 2,000 ; -   ; 2,000 ; 677,72 ; -   ;LIVOLTEK - VENDAS
RS6-555M-E3;RV;RV01;MODULO SOLAR FOTOVOLTAICO RENESOLA 555WP P-TYPE MONOFACIAL (RS6- 555M-E3;UN;010102;07; 82,000 ; -   ; 82,000 ; 29.419,97 ; -   ;LIVOLTEK - VENDAS
SWC-G1R11001;MP;MP08;PLACA ELETRONICA PARA CONTROLE E COMUTACAO AUTOMATICA ATS SWC-G1R11001;UN;010102;07; 5,000 ; -   ; 5,000 ; 45.195,58 ; -   ;LIVOLTEK - VENDAS
TSR21004;MP;MP03;CABINE TSR21004 CABINE DE SECCIONAMENTO 1000A 380 400V;UN;010102;07; 4,000 ; -   ; 4,000 ; 180.763,14 ; -   ;LIVOLTEK - VENDAS
9121500218;RV;RV01;CABO FOTOVOLTAICO VERMELHO: 6MM2 COOPER + ESTANHADO;MT;010106;07; 1.502,000 ; 50,000 ; 1.452,000 ; 5.412,91 ; 180,19 ;LIVOLTEK - VENDAS
9121500219;RV;RV01;CABO FOTOVOLTAICO PRETO: 6MM2 COOPER + ESTANHADO;MT;010106;07; 977,000 ; 50,000 ; 927,000 ; 3.511,92 ; 179,73 ;LIVOLTEK - VENDAS
2160100240L;MP;MP08;CARREGADOR ECH10051 DE 250W PARA BATERIAS DE LITIO;UN;010106;07; 20,000 ; -   ; 20,000 ; 3.529,24 ; -   ;LIVOLTEK - VENDAS
3012103830;MP;MP08;TERMINAL ELETRICO MC4 FEMEA;UN;010106;07; 987,000 ; -   ; 987,000 ; 1.855,95 ; -   ;LIVOLTEK - VENDAS
3012103860;MP;MP08;CONECTOR MC4 MACHO;UN;010106;07; 987,000 ; -   ; 987,000 ; 1.308,76 ; -   ;LIVOLTEK - VENDAS
3012103890;MP;MP08;CONECTOR MC4 FEMEA;UN;010106;07; 987,000 ; -   ; 987,000 ; 917,32 ; -   ;LIVOLTEK - VENDAS
3012103900;MP;MP08;TERMINAL ELETRICO MC4 MACHO;UN;010106;07; 987,000 ; -   ; 987,000 ; 1.320,90 ; -   ;LIVOLTEK - VENDAS
3028100149;MP;MP03;ALCA DE AJUSTE PLASTICA PARA CONJUNTO DE PROPULSAO;UN;010106;07; 20,000 ; -   ; 20,000 ; 97,61 ; -   ;LIVOLTEK - VENDAS
3028100290;MP;MP03;CONE DE NARIZ DE PLASTICO PARA PROPULSOR DE MOTOR DE BARCO;UN;010106;07; 5,000 ; -   ; 5,000 ; 65,20 ; -   ;LIVOLTEK - VENDAS
3028100310;MP;MP03;HELICE DE PLASTICO PARA MOTOR DE BARCO;UN;010106;07; 42,000 ; -   ; 42,000 ; 1.345,64 ; -   ;LIVOLTEK - VENDAS
3028100409;MP;MP03;PLACA DE PRESSAO ESTANQUE PLASTICA PARA CONJUNTO DE PROPULSAO;UN;010106;07; 4,000 ; -   ; 4,000 ; 14,22 ; -   ;LIVOLTEK - VENDAS
3030101750;MP;MP03;PARAFUSO SEXTAVADO M5X10 ACO INOX (3030101750);UN;010106;07; 35,000 ; -   ; 35,000 ; 3,24 ; -   ;LIVOLTEK - VENDAS
3030903110;MP;MP03;PORCA AUTO-TRAVANTE DE ACO CARBONO COM ACABAMENTO ZINCADO TRIVALENTE;UN;010106;07; 12,000 ; -   ; 12,000 ; 1,75 ; -   ;LIVOLTEK - VENDAS
3031702570;MP;MP03;PINO CILINDRICO ROSCADO DE ACO CARBONO COM ACABAMENTO ZINCADO TRIVALENTE;UN;010106;07; 4,000 ; -   ; 4,000 ; 8,13 ; -   ;LIVOLTEK - VENDAS
3032702420;MP;MP03;PARAFUSO M6X20MM DE ACO CARBONO COM ACABAMENTO ZINCADO TRIVALENTE;UN;010106;07; 12,000 ; -   ; 12,000 ; 4,25 ; -   ;LIVOLTEK - VENDAS
3043500390;MP;MP03;BLOCO ANTICORROSAO METALICO DA HELICE DO PROPULSOR;UN;010106;07; 6,000 ; -   ; 6,000 ; 135,87 ; -   ;LIVOLTEK - VENDAS
3043500400;MP;MP03;BRACADEIRA METALICA DA HELICE DO PROPULSOR;UN;010106;07; 6,000 ; -   ; 6,000 ; 100,06 ; -   ;LIVOLTEK - VENDAS
3061901880;MP;MP03;HELICE MEDIA METALICA PARA PROPULSOR DE MOTOR DE BARCO;UN;010106;07; 6,000 ; -   ; 6,000 ; 231,97 ; -   ;LIVOLTEK - VENDAS
3061901900;MP;MP03;CONE DE NARIZ METALICO PARA PROPULSOR DE MOTOR DE BARCO;UN;010106;07; 2,000 ; -   ; 2,000 ; 37,59 ; -   ;LIVOLTEK - VENDAS
3062000540;MP;MP03;BLOCO DE PRESSAO METALICO PARA PROPULSOR DE EMBARCACAO;UN;010106;07; 10,000 ; -   ; 10,000 ; 175,76 ; -   ;LIVOLTEK - VENDAS
3080104830;MP;MP05;EMPUNHADURA DE BORRACHA PARA FIXACAO DO PROPULSOR;UN;010106;07; 5,000 ; -   ; 5,000 ; 68,28 ; -   ;LIVOLTEK - VENDAS
3080702490;MP;MP04;VEDACAO DE BORRACHA PARA CONJUNTO DE PROPULSAO;UN;010106;07; 12,000 ; -   ; 12,000 ; 50,47 ; -   ;LIVOLTEK - VENDAS
3080902070;MP;MP04;ANEL DE VEDACAO DO CONE DE NARIZ DE BORRACHA (69*3.55);UN;010106;07; 10,000 ; -   ; 10,000 ; 28,51 ; -   ;LIVOLTEK - VENDAS
3080902100;MP;MP04;ANEL DE VEDACAO DO CONE DE NARIZ DE BORRACHA (92.5*3.55);UN;010106;07; 12,000 ; -   ; 12,000 ; 16,99 ; -   ;LIVOLTEK - VENDAS
3090510710;MP;MP06;CABO DE COMUNICACAO DA BATERIA COM PECAS DE CONEXAO;UN;010106;07; 4,000 ; -   ; 4,000 ; 122,56 ; -   ;LIVOLTEK - VENDAS
3090514600;MP;MP06;CABO DE ENERGIA DE 3 METROS COM PECAS DE CONEXAO;UN;010106;07; 2,000 ; -   ; 2,000 ; 636,56 ; -   ;LIVOLTEK - VENDAS
3090514610;MP;MP06;CABO DE BACKUP DA BATERIA COM PECAS DE CONEXAO;UN;010106;07; 7,000 ; -   ; 7,000 ; 354,08 ; -   ;LIVOLTEK - VENDAS
4010401450;MP;MP03;CARRINHO DE TRANSPORTE PARA MOTOR DE POPA;UN;010106;07; 1,000 ; -   ; 1,000 ; 498,18 ; -   ;LIVOLTEK - VENDAS
8040101110;RV;RV01;MODULO FOTOVOLTAICO 700WP BIFACIAL HJT RISEN (RSM132-8-700BHDG);UN;010106;07; 462,000 ; 15,000 ; 447,000 ; 213.013,65 ; 6.916,03 ;LIVOLTEK - VENDAS
9121290210;MP;MP03;ESTRUTURA METALICA PARA TELHADO CERAMICO - PERFIL 2,40;UN;010106;07; 500,000 ; -   ; 500,000 ; 140.990,80 ; -   ;LIVOLTEK - VENDAS
9191271060;RV;RV01;KIT TELHADO CERAMICO CCM-10 4 MODULOS STD.;UN;010106;07; 218,000 ; -   ; 218,000 ; 66.635,58 ; -   ;LIVOLTEK - VENDAS
9191271061;RV;RV01;KIT TELHADO FIBROCIMENTO FIX MADE 200 MM 4 MODULOS STD;UN;010106;07; 2.185,000 ; -   ; 2.185,000 ; 540.612,26 ; -   ;LIVOLTEK - VENDAS
9191271062;RV;RV01;KIT TELHADO FIBROMETAL FIX MTL 250 MM 4 MODULOS STD;UN;010106;07; 414,000 ; -   ; 414,000 ; 104.996,69 ; -   ;LIVOLTEK - VENDAS
9191271063;RV;RV01;KIT MINI TRILHO BAIXO P-1 PARA 4 MODULOS 300 MM;UN;010106;07; 541,000 ; 4,000 ; 537,000 ; 50.177,43 ; 371,00 ;LIVOLTEK - VENDAS
9191271064;RV;RV01;TRIANGULO RETRATO TELESCOPIO 4 MODULOS 15° A 30° LAJE;UN;010106;07; 33,000 ; -   ; 33,000 ; 24.058,13 ; -   ;LIVOLTEK - VENDAS
9191271065;RV;RV01;KIT SOLO EASY LINE 4 MODULOS - 1134X2279;UN;010106;07; 865,000 ; -   ; 865,000 ; 497.095,86 ; -   ;LIVOLTEK - VENDAS
9192219832;RV;RV01;KIT TELHADO FIBROCIMENTO P/ MADEIRA METALLIGHT 4 MODULOS STD;UN;010106;07; 309,000 ; -   ; 309,000 ; 89.508,03 ; -   ;LIVOLTEK - VENDAS
A0070230E11R11302;RV;RV01;CARREGADOR VEICULAR LIVOLTEK  CA 7.3KW  ATOM  230V  32A  CABO 5M  1XTIPO 2  BT  WI-FI  ETH  HARDWARE A21  BO;UN;010106;07; 8,000 ; -   ; 8,000 ; 8.031,84 ; -   ;LIVOLTEK - VENDAS
A0070230E1EHR11002;RV;RV01;CARREGADOR VEICULAR  LIVOLTEK  CA 7.3KW  ACE  230V  32A  CABO 5M  1XTIPO 2  BT  WI-FI  ETH  RFID;UN;010106;07; 5,000 ; -   ; 5,000 ; 12.717,57 ; -   ;LIVOLTEK - VENDAS
AC1-AIOR11001;RV;RV01;CAIXA DE ALUMINIO FUNDIDO PARA ALOCACAO DE BATERIAS DE LITIO PARA USO EM INVERSORES FOTOVOLTAICOS;UN;010106;07; 1,000 ; -   ; 1,000 ; 557,91 ; -   ;LIVOLTEK - VENDAS
BLF-B5150R11001;MP;MP08;BATERIA DE LITIO BLF-B5150 COM PECAS DE CONEXAO;UN;010106;07; 4,000 ; -   ; 4,000 ; 18.543,41 ; -   ;LIVOLTEK - VENDAS
GT1-10KT2R11003;RV;RV01;INVERSORES PARA SISTEMAS FOTOVOLTAICOS ON-GRID GT1-10KT2R11003;UN;010106;07; 23,000 ; -   ; 23,000 ; 93.741,56 ; -   ;LIVOLTEK - VENDAS
GT1-10KT2R11004;RV;RV01;INVERSOR FOTOVOLTAICO, INVERSOR ON-GRID MONOFASICO 10KW 220V 3 MPPT GT1-10KT2R11004;UN;010106;07; 6,000 ; -   ; 6,000 ; 19.905,15 ; -   ;LIVOLTEK - VENDAS
GT1-5KD2R11008;RV;RV01;INVERSOR FOTOVOLTAICO, INVERSOR ON-GRID MONOFASICO 5KW 220V 2 MPPT GT1-5KD2R11008;UN;010106;07; 10,000 ; -   ; 10,000 ; 15.606,16 ; -   ;LIVOLTEK - VENDAS
GT1-6KD1R11001;RV;RV01;INVERSOR FOTOVOLTAICO MODELO GT1-6KD1;UN;010106;07; 6,000 ; -   ; 6,000 ; 17.489,53 ; -   ;LIVOLTEK - VENDAS
GT1-6KD2R11008;RV;RV01;INVERSOR FOTOVOLTAICO, INVERSOR ON-GRID MONOFASICO 6KW 220V 2 MPPT GT1-6KD2R11008;UN;010106;07; 10,000 ; -   ; 10,000 ; 19.742,78 ; -   ;LIVOLTEK - VENDAS
GT1-7K5T2R11002;RV;RV01;INVERSOR FOTOVOLTAICO, INVERSOR ON-GRID MONOFASICO 7K5W 220V 3 MPPT GT1-7K5T2R11002;UN;010106;07; 1,000 ; 1,000 ; -   ; 2.844,96 ; 2.844,96 ;LIVOLTEK - VENDAS
GT3-100K-1R11002;RV;RV01;INVERSOR FOTOVOLTAICO, INVERSOR ON-GRID TRIFASICO 100KW 380V 10 MPPT GT3-100K-1R11002;UN;010106;07; 3,000 ; -   ; 3,000 ; 39.779,76 ; -   ;LIVOLTEK - VENDAS
GT3-110K-1R11002;RV;RV01;INVERSOR FOTOVOLTAICO, INVERSOR ON-GRID TRIFASICO 110KW 380V 10 MPPT GT3-110K-1R11002;UN;010106;07; 5,000 ; -   ; 5,000 ; 72.763,80 ; -   ;LIVOLTEK - VENDAS
GT3-125K-1R11002;RV;RV01;INVERSOR FOTOVOLTAICO, INVERSOR ON-GRID TRIFASICO 125KW 380V 10 MPPT GT3-125K-1R11002;UN;010106;07; 5,000 ; -   ; 5,000 ; 71.425,01 ; -   ;LIVOLTEK - VENDAS
GT3-15KD1R11008;RV;RV01;INVERSOR FOTOVOLTAICO, INVERSOR ON-GRID TRIFASICO 15KW 380V 2 MPPT GT3-15KD1R11008;UN;010106;07; 6,000 ; -   ; 6,000 ; 21.272,28 ; -   ;LIVOLTEK - VENDAS
GT3-20KL-TW11001;RV;RV01;INVERSOR ON-GRID TRIFASICO GT3 -20KL-T 220V (GT3-20KL-TW11001);UN;010106;07; 14,000 ; -   ; 14,000 ; 71.413,21 ; -   ;LIVOLTEK - VENDAS
GT3-20KTL1R11002;RV;RV01;INVERSOR TRIFASICO 220V ON-GRID GT3-20KTL1 AFCI;UN;010106;07; 8,000 ; -   ; 8,000 ; 36.365,14 ; -   ;LIVOLTEK - VENDAS
GT3-25KL-TW11001;RV;RV01;INVERSOR ON-GRID TRIFASICO GT3 -25KL-T 220V (GT3-25KL-TW11001);UN;010106;07; 18,000 ; -   ; 18,000 ; 200.987,32 ; -   ;LIVOLTEK - VENDAS
GT3-50KL11R11002;RV;RV01;INVERSOR ON-GRID TRIFASICO 50KW 220V 4 MPPT AFCI - GT3-50KL11;UN;010106;07; 2,000 ; -   ; 2,000 ; 24.221,83 ; -   ;LIVOLTEK - VENDAS
GT3-60KL11R11002;RV;RV01;INVERSOR ON-GRID TRIFASICO 60KW 220V 6 MPPT AFCI - GT3-60KL11-2;UN;010106;07; 8,000 ; -   ; 8,000 ; 100.387,27 ; -   ;LIVOLTEK - VENDAS
GT3-75KL11R11002;RV;RV01;INVERSOR ON-GRID TRIFASICO 75KW 220V 6 MPPT AFCI - GT3-75KL11-2;UN;010106;07; 9,000 ; -   ; 9,000 ; 112.520,40 ; -   ;LIVOLTEK - VENDAS
HXCB10R02102;MP;MP07;DC STRING BOX HXCB10-2/2 1000V 40A WITHOUT MCB;UN;010106;07; 50,000 ; -   ; 50,000 ; 20.860,56 ; -   ;LIVOLTEK - VENDAS
HXCB10R02103;MP;MP07;DC STRING BOX HXCB06-1/1 600V 40A WITHOUT MCB;UN;010106;07; 49,000 ; -   ; 49,000 ; 10.212,69 ; -   ;LIVOLTEK - VENDAS
HXCB10R02104;MP;MP07;DC STRING BOX HXCB06-2/2 600V 40A WITHOUT MCB;UN;010106;07; 89,000 ; -   ; 89,000 ; 32.761,56 ; -   ;LIVOLTEK - VENDAS
9121500218;RV;RV01;CABO FOTOVOLTAICO VERMELHO: 6MM2 COOPER + ESTANHADO;MT;010108;07; 55.634,000 ; 28.000,000 ; 27.634,000 ; 191.597,93 ; 96.429,20 ;LIVOLTEK - VENDAS
9121500219;RV;RV01;CABO FOTOVOLTAICO PRETO: 6MM2 COOPER + ESTANHADO;MT;010108;07; 55.634,000 ; 28.000,000 ; 27.634,000 ; 191.597,93 ; 96.429,20 ;LIVOLTEK - VENDAS
3012002410;MC;PV01;"PARTE DO CARREGADOR MOTION FAST DC; DISJUNTOR DE CORRENTE RESIDUAL CAIXA MOLDADA TRIPOLAR; 250A; 30MA; TIPO A";PC;010108;07; 21,000 ; -   ; 21,000 ; 18.982,91 ; -   ;LIVOLTEK - VENDAS
9121520027;RV;RV01;ACESSORIO CARREGADOR VEICULAR  CC  MC  PEDESTAL BR  ACO  P ELETROSTATICA  PARABOLTS  LIVOLTEK  30KW;PC;010108;07; 17,000 ; -   ; 17,000 ; 15.927,93 ; -   ;LIVOLTEK - VENDAS
9121520028;RV;RV01;ACESSORIO CARREGADOR VEICULAR  CC  MC  PEDESTAL BR  ACO  P ELETROSTATICA  PARABOLTS  LIVOLTEK 40/60KW;PC;010108;07; 20,000 ; -   ; 20,000 ; 23.156,25 ; -   ;LIVOLTEK - VENDAS
C06010E2EAFGR11003;MC;RV01;CARREGADOR VEICULAR  LIVOLTEK  CC 60KW  MC  200A  2XCCS2  WALL-MOUNT  4G (LATAM)  PPOS;PC;010108;07; 5,000 ; -   ; 5,000 ; 140.906,27 ; -   ;LIVOLTEK - VENDAS
M18010E2EYFIR11003;MC;RV01;CARREGADOR VEICULAR  LIVOLTEK  CC 180KW  MF  300A  2XCCS2  GESTAO DE CABOS  4G (LATAM)  PPOS  ACE30;PC;010108;07; 16,000 ; -   ; 16,000 ; 1.227.829,79 ; -   ;LIVOLTEK - VENDAS
M24010E2EYGIR11003;MC;RV01;CARREGADOR VEICULAR CC 240KW MF 300A 2XCCS2 GESTAO DE CABOS 4G (LATAM) PPOS ACE40 LIVOLTEK;PC;010108;07; 17,000 ; -   ; 17,000 ; 1.784.763,75 ; -   ;LIVOLTEK - VENDAS
2080501810;MP;MP08;MODULO DE COMUNICACAO RFID MT626;UN;010108;07; 1,000 ; -   ; 1,000 ; 29,84 ; -   ;LIVOLTEK - VENDAS
2080703060;MP;MP08;"FONTE CHAVEADA (CONVERSOR ESTATICO) PARA CONVERSAO DE CORRENTE ALTERNADA EM CC. DC;AC/DC DC24V:5A(2080703060)";UN;010108;07; 6,000 ; -   ; 6,000 ; 616,40 ; -   ;LIVOLTEK - VENDAS
2080703070;MP;MP08;"FONTE CHAVEADA (CONVERSOR ESTATICO) PARA CONVERSAO DE CORRENTE ALTERNADA EM CC; AC/DC DC12V:12.5A(2080703070)";UN;010108;07; 4,000 ; -   ; 4,000 ; 295,15 ; -   ;LIVOLTEK - VENDAS
2080703080;MP;MP08;"FONTE CHAVEADA (CONVERSOR ESTATICO) PARA CONVERSAO DE CORRENTE ALTERNADA EM CC;AC/DC DC24V:6.3A(2080703080)";UN;010108;07; 4,000 ; -   ; 4,000 ; 349,13 ; -   ;LIVOLTEK - VENDAS
2080900460;MP;MP08;"DISPOSITIVO MICROCONTROLADOR TCU PCB;THE CONTROL SCREEN DISPLAYS AND CONNECTS TO THE OCPP PLATFORM;185MM*141MM*30MM;ROHS";UN;010108;07; 1,000 ; -   ; 1,000 ; 1.344,97 ; -   ;LIVOLTEK - VENDAS
2090700481;MP;MP07;"INTERRUPTOR, CHAVE FIM DE CURSO PARA UMA TENSAO NAO SUPERIOR A 1000V; 4.8MM±0.38MM;58.8*33*17.5MM";UN;010108;07; 12,000 ; -   ; 12,000 ; 78,45 ; -   ;LIVOLTEK - VENDAS
2120500010;MP;MP08;"PAINEL INDICADOR COM DISPOSITIVOS DE CRISTAIS LIQUIDOS (LCD); DC12V;-20-+70?;1280*800;/;LVDS(18 BITS);308*228*45.8MM";UN;010108;07; 4,000 ; -   ; 4,000 ; 3.372,37 ; -   ;LIVOLTEK - VENDAS
2140103890;MP;MP08;"ANTENA DE COMUNICACAO 4G: SMA WIFI: WIFI: 2.5DBI 4G: 4.5DBI;50O;F46*26MM;2000±30MM;F46*2000MM; ROHS";UN;010108;07; 4,000 ; -   ; 4,000 ; 31,93 ; -   ;LIVOLTEK - VENDAS
2140104000;RV;RV01;ANTENA PARA MODULO DE COMUNICACAO WIFI (2140104000);UN;010108;07; 67,000 ; -   ; 67,000 ; 189,41 ; -   ;LIVOLTEK - VENDAS
2140104220;RV;RV01;ANTENA WIFI 2.4GHZ, >3DBI, 50OHMS, 32.5MM, 290±5MM, 32.5*9.5*0.2MM, ROHS, -45~+85 GRAUS CELSIUS;UN;010108;07; 1.503,000 ; -   ; 1.503,000 ; 2.332,36 ; -   ;LIVOLTEK - VENDAS
3010315200;MP;MP08;"RELE PARA UMA TENSAO DE ATE 12V DC; 10A;CZT08A-02+NG102;ROHS (3010315200)";UN;010108;07; 12,000 ; -   ; 12,000 ; 134,43 ; -   ;LIVOLTEK - VENDAS
3010913120;MP;MP09;"DISJUNTOR DIN ;40A;3P;6KA;CDB6I;ROHS.(3010913120)";UN;010108;07; 4,000 ; -   ; 4,000 ; 71,47 ; -   ;LIVOLTEK - VENDAS
3010913140;MP;MP09;"DISJUNTOR DIN; 16A;1P+N;6,10KA;CDB6HLES-63;ROHS (3010913140)";UN;010108;07; 4,000 ; -   ; 4,000 ; 77,39 ; -   ;LIVOLTEK - VENDAS
3011800300;MP;MP07;"VENTILADOR TIPO COOLER FAN ;175*150*51;1.9A;24V;66.4DB;354.71;400.0MM;70000HRS AT 40?;ROHS(3011800300)";UN;010108;07; 13,000 ; -   ; 13,000 ; 1.764,00 ; -   ;LIVOLTEK - VENDAS
3011901840;MP;MP04;"BOTAO DE EMERGENCIA; NP4-11ZS/1;RED;38*31*64MM;ROHS (3011901840)";UN;010108;07; 4,000 ; -   ; 4,000 ; 114,24 ; -   ;LIVOLTEK - VENDAS
3012001050;MP;MP09;"DISJUNTOR CAIXA MOLDADA; CDM6H-250M/3308;250.0A;3P;50KA;ROHS (3012001050)";UN;010108;07; 4,000 ; -   ; 4,000 ; 731,13 ; -   ;LIVOLTEK - VENDAS
3012103830;MP;MP08;TERMINAL ELETRICO MC4 FEMEA;UN;010108;07; 8.325,000 ; -   ; 8.325,000 ; 12.975,35 ; -   ;LIVOLTEK - VENDAS
3012103860;MP;MP08;CONECTOR MC4 MACHO;UN;010108;07; 9.030,000 ; -   ; 9.030,000 ; 6.999,15 ; -   ;LIVOLTEK - VENDAS
3012103890;MP;MP08;CONECTOR MC4 FEMEA;UN;010108;07; 9.030,000 ; -   ; 9.030,000 ; 7.019,92 ; -   ;LIVOLTEK - VENDAS
3012103900;MP;MP08;TERMINAL ELETRICO MC4 MACHO;UN;010108;07; 8.325,000 ; -   ; 8.325,000 ; 6.487,67 ; -   ;LIVOLTEK - VENDAS
3013200750;MP;MP06;"DISPOSITIVO DE PROTECAO CONTRA SURTOS (DPS);70.3*99.7*67";UN;010108;07; 4,000 ; -   ; 4,000 ; 221,80 ; -   ;LIVOLTEK - VENDAS
3013400100;MP;MP08;"RELE (CONTATOR) PARA UMA TENSAO DE ATE 1000V DC;12~1000VDC;CE;ROHS (3013400100)";UN;010108;07; 22,000 ; -   ; 22,000 ; 2.775,15 ; -   ;LIVOLTEK - VENDAS
3013500320;MP;MP08;"FUSIVEL; SEV-43F-1000V;1000V;400.0A;ROHS";UN;010108;07; 1,000 ; -   ; 1,000 ; 74,85 ; -   ;LIVOLTEK - VENDAS
3013500620;MP;MP08;"FUSIVEL PARA UMA TENSAO NAO SUPERIOR A 1000V ;SEV-43F-250/1000;DC;250.0A;ROHS(3013500620)";UN;010108;07; 7,000 ; -   ; 7,000 ; 636,62 ; -   ;LIVOLTEK - VENDAS
3070500161;MP;MP04;ABRACADEIRA DE NYLON 4X200MM PA66 BRANCA (3070500161);UN;010108;07; 648,000 ; -   ; 648,000 ; 30,07 ; -   ;LIVOLTEK - VENDAS
3090901020;MP;MP08;"CABO CONDUTOR ELETRICO MUNIDO DE PECAS DE CONEXAO, PARA UMA TENSAO DE ATE 1000V, CORRENTE 200A, CARREGAMENTO CCS 2. 5M;";UN;010108;07; 1,000 ; -   ; 1,000 ; 1.889,95 ; -   ;LIVOLTEK - VENDAS
3100703570;RV;RV01;CARTAO DE ACIONAMENTO POR APROXIMACAO PVC, 85.5*54MM, PADRAO LIVOLTEK;UN;010108;07; 56,000 ; -   ; 56,000 ; 258,26 ; -   ;LIVOLTEK - VENDAS
3990033500;MP;MP07;"PARTE EXCLUSIVA DE CONVERSORES ELETRICOS ESTATICOS TRAVA ELETRONICA;TENSAO NOMINAL 12V DC;TENSAO DE ALIMENTACAO:9-16V";UN;010108;07; 8,000 ; -   ; 8,000 ; 522,32 ; -   ;LIVOLTEK - VENDAS
523000717001;RV;RV01;CONVERSOR ESTATICO DE POTENCIA TIPO ESTACAO DE RECARGA VEICULAR LCDC 60KW 2XCCS2 5M RFID ETHERNET 4G;UN;010108;07; 1,000 ; -   ; 1,000 ; 23.956,83 ; -   ;LIVOLTEK - VENDAS
525010020008;RV;RV01;MODULO DE COMUNICACAO PARA TRANSMISSAO E RECEPCAO DE DADOS EM REDES SEM FIO (WLAN), FREQUENCIA 2.4 GHZ, 54MBIT/S, 3.3VDC;UN;010108;07; 1.503,000 ; -   ; 1.503,000 ; 21.177,57 ; -   ;LIVOLTEK - VENDAS
525010021005;RV;RV01;MODULO DE COMUNICACAO WIFI (525010021005);UN;010108;07; 67,000 ; -   ; 67,000 ; 4.067,92 ; -   ;LIVOLTEK - VENDAS
525010027004;MP;MP07;PARTE EXCLUSIVA DE CONVERSORES ELETRICOS ESTATICOS PLACA DE CONTROLE DA TRAVA ELETRONICA (525010027004);UN;010108;07; 8,000 ; -   ; 8,000 ; 113,97 ; -   ;LIVOLTEK - VENDAS
525010035012;MP;MP07;PARTE EXCLUSIVA DE CONVERSORES ELETRICOS ESTATICOS PLACA DE CONTROLE DE CARREGAMENTO(CCU);UN;010108;07; 7,000 ; -   ; 7,000 ; 3.308,23 ; -   ;LIVOLTEK - VENDAS
525010040003;MP;MP07;"PARTE EXCLUSIVA DE CONVERSORES ELETRICOS ESTATICOS PLACA DE CONTROLE DE LED;181.5*20 LED STATUS DE RECARREGAMENTO";UN;010108;07; 8,000 ; -   ; 8,000 ; 114,51 ; -   ;LIVOLTEK - VENDAS
525010042005;MP;MP07;PARTE EXCLUSIVA DE CONVERSORES ELETRICOS ESTATICOS PLACA DE CONTROLE PLC (525010042005);UN;010108;07; 8,000 ; -   ; 8,000 ; 535,30 ; -   ;LIVOLTEK - VENDAS
525010043001;MP;MP07;"PARTE EXCLUSIVA DE CONVERSORES ELETRICOS ESTATICOS PLACA DE CONTROLE DE LED;181.5MM*20MM LED DE STATUS LIGADO";UN;010108;07; 8,000 ; -   ; 8,000 ; 104,52 ; -   ;LIVOLTEK - VENDAS
525010044002;MP;MP07;"PARTE EXCLUSIVA DE CONVERSORES ELETRICOS ESTATICOS PLACA DE CONTROLE DE LED;261.5MM*20MM LED DE STATUS LIGADO";UN;010108;07; 7,000 ; -   ; 7,000 ; 133,53 ; -   ;LIVOLTEK - VENDAS
525030024002;RV;RV01;MAQUINAS AUTOMATICA PARA PROCESSAMENTO DE DADOS TIPO LEITOR DE CARTOES MAGNETICOS RFID KIT PARA AC EV-CHARGER;UN;010108;07; 56,000 ; -   ; 56,000 ; 2.969,30 ; -   ;LIVOLTEK - VENDAS
525030073001;MP;MP07;"PARTE EXCLUSIVA DE CONVERSORES ELETRICOS ESTATICOS GERENCIAMENTO DE CABOS RODA DE QUATRO VIAS; 82.5X55X16MM;ROHS";UN;010108;07; 7,000 ; -   ; 7,000 ; 151,04 ; -   ;LIVOLTEK - VENDAS
525030074001;MP;MP07;"BALANCEADOR  DO GERENCIADOR DE CABOS;SCCR -FC-XX-L(R); LADO ESQUERDO";UN;010108;07; 1,000 ; -   ; 1,000 ; 329,81 ; -   ;LIVOLTEK - VENDAS
525030075001;MP;MP07;"PARTE EXCLUSIVA DE CONVERSORES ELETRICOS ESTATICOS BALANCEADOR DO GERENCIADOR DE CABOS;D30.2 ;170X164X66.5MM;ROHS";UN;010108;07; 2,000 ; -   ; 2,000 ; 624,32 ; -   ;LIVOLTEK - VENDAS
525030076001;MP;MP07;"PARTE EXCLUSIVA DE CONVERSORES ELETRICOS ESTATICOS BALANCEADOR DO GERENCIADOR DE CABOS; D30.2;170X164X66.5MM;ROHS";UN;010108;07; 3,000 ; -   ; 3,000 ; 934,20 ; -   ;LIVOLTEK - VENDAS
525030096001;MP;MP07;"ARO DE CONEXAO DO CABO DE RECARGA DO GERENCIADOR DE CABOS; BRACACEIRA 30.2MM";UN;010108;07; 1,000 ; -   ; 1,000 ; 17,02 ; -   ;LIVOLTEK - VENDAS
525030098001;MP;MP07;"PARTE EXCLUSIVA DE CONVERSORES ELETRICOS ESTATICOS ARO (CONJUNTO DA BRACADEIRA DO CABO DE CARREGAMENTO);DIAMETRO 30.2MM;";UN;010108;07; 7,000 ; -   ; 7,000 ; 122,46 ; -   ;LIVOLTEK - VENDAS
6001014980;MP;MP08;"MODULO DE POTENCIA AC/DC 30KW; SAIDA DC 0-1000V;USADO NA ESTACAO MF DC (6001014980)";UN;010108;07; 62,000 ; -   ; 62,000 ; 283.827,02 ; -   ;LIVOLTEK - VENDAS
6001015000;PA;PA51;"MEDIDOR DE ENERGIA EM CORRENTE CONTINUA DC;DCM230 -2-1;9-40VDC ;5-1000VDC";UN;010108;07; 1,000 ; -   ; 1,000 ; 228,82 ; -   ;LIVOLTEK - VENDAS
8020400430;RV;MP08;CARREGADOR DE ACUMULADOR (CA) PORTATIL PARA CARREGAR DISPOSITIVOS CONVENCIONAIS CAP. 12,8V/130500MAH;UN;010108;07; 23,000 ; -   ; 23,000 ; 33.170,82 ; -   ;LIVOLTEK - VENDAS
8020400440;RV;MP08;CARREGADOR DE ACUMULADOR (CA) PORTATIL PARA CARREGAR DISPOSITIVOS CONVENCIONAIS CAP. 22,4V/133200MAH;UN;010108;07; 22,000 ; -   ; 22,000 ; 51.253,50 ; -   ;LIVOLTEK - VENDAS
8020400450;MP;MP08;DISPOSITIVO FOTOSSENSIVEL SEMICONDUTOR, CELULAS FOTOVOLTAICAS MONTADAS EM PAINEL SOLAR - 100 W;UN;010108;07; 94,000 ; -   ; 94,000 ; 53.872,34 ; -   ;LIVOLTEK - VENDAS
8020400600;RV;MP08;CARREGADOR DE ACUMULADOR (CA) PORTATIL PARA CARREGAR DISPOSITIVOS CONVENCIONAIS CAP. 14,8V/80000MAH;UN;010108;07; 21,000 ; -   ; 21,000 ; 18.560,93 ; -   ;LIVOLTEK - VENDAS
9120819005;MP;MP03;POSTE DE FIBRA DE VIDRO 100 DAN, 7 METROS, PADRAO COPEL  RAMAL AEREO;UN;010108;07; 20,000 ; -   ; 20,000 ; 28.858,50 ; -   ;LIVOLTEK - VENDAS
9121500036;RV;RV01;COLUNA DE FIXACAO, DE ACO, PARA MONTAGEM DE ESTRUTURA FIXA DE CARREGADOR VEICULAR;UN;010108;07; 21,000 ; -   ; 21,000 ; 7.633,03 ; -   ;LIVOLTEK - VENDAS
9121500058;RV;RV01;ESTRUTURA METALICA PARA TELHADO CERAMICO;UN;010108;07; 993,000 ; -   ; 993,000 ; 256.774,61 ; -   ;LIVOLTEK - VENDAS
9191270847;RV;RV01;CARREGADOR DE ACUMULADOR (CA) PORTATIL PARA CARREGAR DISPOSITIVOS CONVENCIONAIS CAP. 22,4V/133200MAH - 110V;UN;010108;07; 24,000 ; -   ; 24,000 ; 55.877,22 ; -   ;LIVOLTEK - VENDAS
9191270848;RV;RV01;CARREGADOR DE ACUMULADOR (CA) PORTATIL PARA CARREGAR DISPOSITIVOS CONVENCIONAIS CAP. 12,8V/130500MAH - 110V;UN;010108;07; 25,000 ; -   ; 25,000 ; 36.052,01 ; -   ;LIVOLTEK - VENDAS
9191271061;RV;RV01;KIT TELHADO FIBROCIMENTO FIX MADE 200 MM 4 MODULOS STD;UN;010108;07; 1.608,000 ; -   ; 1.608,000 ; 370.681,14 ; -   ;LIVOLTEK - VENDAS
9191271062;RV;RV01;KIT TELHADO FIBROMETAL FIX MTL 250 MM 4 MODULOS STD;UN;010108;07; 796,000 ; -   ; 796,000 ; 178.994,77 ; -   ;LIVOLTEK - VENDAS
9191271063;RV;RV01;KIT MINI TRILHO BAIXO P-1 PARA 4 MODULOS 300 MM;UN;010108;07; 2.282,000 ; -   ; 2.282,000 ; 160.454,49 ; -   ;LIVOLTEK - VENDAS
9191271064;RV;RV01;TRIANGULO RETRATO TELESCOPIO 4 MODULOS 15° A 30° LAJE;UN;010108;07; 168,000 ; -   ; 168,000 ; 97.531,71 ; -   ;LIVOLTEK - VENDAS
9191271065;RV;RV01;KIT SOLO EASY LINE 4 MODULOS - 1134X2279;UN;010108;07; 2.191,000 ; -   ; 2.191,000 ; 880.373,16 ; -   ;LIVOLTEK - VENDAS
9192220364;RV;RV01;"PEDESTAL PARA ESTACAO DE RECARGA DC30KW; 200X80MM; ACO CARBONO 1020; COM FURACOES; PINTURA ELETROSTATICA; E PARABOLTS";UN;010108;07; 9,000 ; 2,000 ; 7,000 ; 6.313,31 ; 1.402,96 ;LIVOLTEK - VENDAS
A0220400E11R11005;RV;RV01;CARREGADOR VEICULAR  LIVOLTEK  CA 22KW  ATOM  400V  32A  CABO 5M  1XTIPO 2  BT  WI-FI (FC41D)  RFID  BOTAO DE;UN;010108;07; 127,000 ; 5,000 ; 122,000 ; 120.358,19 ; 4.738,51 ;LIVOLTEK - VENDAS
AC1-AIOR11001;RV;RV01;CAIXA DE ALUMINIO FUNDIDO PARA ALOCACAO DE BATERIAS DE LITIO PARA USO EM INVERSORES FOTOVOLTAICOS;UN;010108;07; 2,000 ; -   ; 2,000 ; 911,93 ; -   ;LIVOLTEK - VENDAS
BHF-X225R11001;RV;RV01;CONVERSOR ESTATICO COM SISTEMA DE ARMAZENAMENTO DE ENERGIA BESS 100KW 225KWH IP55 BHF-X2225;UN;010108;07; 3,000 ; -   ; 3,000 ; 596.646,95 ; -   ;LIVOLTEK - VENDAS
BLF51-5R31001;RV;MP07;BATERIA RECARREGAVEL DE ION DE LITIO (BLF51-5R31001);UN;010108;07; 1,000 ; -   ; 1,000 ; 3.067,16 ; -   ;LIVOLTEK - VENDAS
C04010E2EAFER11003;RV;RV01;CARREGADOR VEICULAR LIVOLTEK CC 40KW MC 133A  2XCCS2 WALL-MOUNT 4G LATAM PPOS;UN;010108;07; 12,000 ; -   ; 12,000 ; 271.902,42 ; -   ;LIVOLTEK - VENDAS
D0300380E1EYW11001;RV;RV01;D0301000E21 - CARREGADOR VEICULAR CC, POTENCIA NOMINAL DE 30KW, DIMENSOES 450 * 145 * 680 MM;UN;010108;07; 12,000 ; 2,000 ; 10,000 ; 202.949,58 ; 33.824,93 ;LIVOLTEK - VENDAS
GT3-20KD1R11008;RV;RV01;INVERSOR FOTOVOLTAICO, INVERSOR ON-GRID TRIFASICO 20KW 380V 2 MPPT GT3-20KD1R11008;UN;010108;07; 3,000 ; -   ; 3,000 ; 10.725,48 ; -   ;LIVOLTEK - VENDAS
GT3-30KT1R11002;RV;RV01;INVERSOR FOTOVOLTAICO, INVERSOR ON-GRID TRIFASICO 30KW 380V 3 MPPT GT3-30KT1R11002;UN;010108;07; 20,000 ; -   ; 20,000 ; 143.625,73 ; -   ;LIVOLTEK - VENDAS
GT3-50KQ1R11002;RV;RV01;INVERSOR FOTOVOLTAICO, INVERSOR ON-GRID TRIFASICO 50KW 380V 4 MPPT GT3-50KQ1R11002;UN;010108;07; 7,000 ; -   ; 7,000 ; 45.936,55 ; -   ;LIVOLTEK - VENDAS
GT3-60KQ1R11002;RV;RV01;INVERSOR FOTOVOLTAICO, INVERSOR ON-GRID TRIFASICO 60KW 380V 4 MPPT GT3-60KQ1R11002;UN;010108;07; 20,000 ; -   ; 20,000 ; 123.959,98 ; -   ;LIVOLTEK - VENDAS
HXCB20R02001;RV;RV01;AC STRING BOX HXDB20-2P 20A;UN;010108;07; 34,000 ; -   ; 34,000 ; 4.301,25 ; -   ;LIVOLTEK - VENDAS
LHE12DRR12001;RV;RV01;MEDIDOR INTELIGENTE (CONTADOR DE ELETRICIDADE) LHE12DR (LHE12DRR12001);UN;010108;07; 7,000 ; -   ; 7,000 ; 5.997,77 ; -   ;LIVOLTEK - VENDAS
LHE34DRR11001;RV;RV01;MEDIDOR DE ENERGIA  (CONTADOR DE ELETRICIDADE)  TRIFASICO, DIGITAL, LHE34DRR11001.;UN;010108;07; 59,000 ; -   ; 59,000 ; 6.792,48 ; -   ;LIVOLTEK - VENDAS
LHE34DRR11002;RV;RV01;MEDIDOR DE ENERGIA  (CONTADOR DE ELETRICIDADE)  TRIFASICO PARA CORRENTE ALTERNADA, SMART METER DIGITAL MODELO  LHE34DR;UN;010108;07; 18,000 ; -   ; 18,000 ; 2.173,78 ; -   ;LIVOLTEK - VENDAS
LHECCHR11001;RV;RV01;DISTRIBUIDOR DE CONEXOES PARA REDES (HUBS), BALANCEADOR DINAMICO LIVOLTEK DLB EV HUB (LHECCHR11001);UN;010108;07; 6,000 ; -   ; 6,000 ; 14.884,46 ; -   ;LIVOLTEK - VENDAS
M1201000E2EYR10001;MP;MP03;GABINETE DE CONVERSOR ESTATICO CA/CC TIPO UNIDADE DE ABASTECIMENTO VEICULAR MFDC 120KW;UN;010108;07; 1,000 ; -   ; 1,000 ; 16.099,61 ; -   ;LIVOLTEK - VENDAS
M1201000E2EYR11001;RV;RV01;CARREGADOR VEICULAR  LIVOLTEK  CC 120KW  MF  250A  2XCCS2  GESTAO DE CABOS  MCCB/RCD;UN;010108;07; 9,000 ; 2,000 ; 7,000 ; 414.319,99 ; 92.071,11 ;LIVOLTEK - VENDAS
MCPOLER101;RV;RV01;PEDESTAL LIVOLTEK CCS2 DE DOIS PLUGS PARA EQUIPAMENTOS MOTION COMPACT 2 PLUGS 370*722*330MM;UN;010108;07; 2,000 ; -   ; 2,000 ; 4.166,95 ; -   ;LIVOLTEK - VENDAS
MCPOLER102;RV;RV01;PEDESTAL LIVOLTEK CCS2 DE UM PLUG PARA EQUIPAMENTOS MOTION COMPACT 1 PLUG 370*722*330MM;UN;010108;07; 5,000 ; -   ; 5,000 ; 7.715,52 ; -   ;LIVOLTEK - VENDAS
PSD1000R11001;RV;RV01;MODULO DE COMUNICACAO PARA TRANSMISSAO E RECEPCAO DE DADOS EM REDES SEM FIO (WLAN) PSD1000R11001;UN;010108;07; 368,000 ; -   ; 368,000 ; 44.847,39 ; -   ;LIVOLTEK - VENDAS
PSD200R21001;RV;RV01;MODULO WLAN - WIFI + BLUETOOTH, 2.4GHZ 802.11B/G/N. TENSAO DE FUNCIONAMENTO 5V - (PSD200-F1);UN;010108;07; 12,000 ; -   ; 12,000 ; 697,79 ; -   ;LIVOLTEK - VENDAS
PSD300R21001;RV;RV01;MODULO DE COMUNICACAO PARA TRANSMISSAO E RECEPCAO DE DADOS PSD300R21001.;UN;010108;07; 84,000 ; -   ; 84,000 ; 5.669,26 ; -   ;LIVOLTEK - VENDAS
SMI-48150A1F1;RV;RV01;BATERIA DE LITIO SUNWODA 150AH SMI-48150A1F1;UN;010108;07; 2,000 ; -   ; 2,000 ; 11.546,79 ; -   ;LIVOLTEK - VENDAS
