Saldos em Estoque,,,,,,,,,,,,
CODIGO,TP,GRUPO,DESCRICAO,U.M.,FL,ARMZ,SALDO EM ESTOQUE,EMPENHO PARA REQ/PV/RESERVA,ESTOQUE DISPONIVEL,VALOR EM ESTOQUE,VALOR EMPENHADO,DESCRICAO DO ARMAZEM
9121260611,MP,MP03,TERMINAL TUBULAR ILHOS PRE-ISOLADO 6MM,CT,10102,7,"1.180,00",-,"1.180,00",257,-,LIVOLTEK - VENDAS
9110914119,PI,MP05,POLICARBONATO SEM FIBRA PRETO - EXTRUSADO,KG,10102,1,"18.984,00",-,"18.984,00","56.412,85",-,ARMAZEM PADRAO
9110914119,PI,MP05,POLICARBONATO SEM FIBRA PRETO - EXTRUSADO,KG,10102,70,"1.000,00",-,"1.000,00","2.971,60",-,PRODUCAO
9190132502,EM,CS03,FILME POLIESTER ESTICAVEL STRAWRAP 25 MICRAS 500MM (BOBINA COM 5KG),KG,10102,7,"360,00",-,"360,00","3.420,47",-,LIVOLTEK - VENDAS
3042303700,MP,MP03,TRILHO DIN 35MM PERFURADO,MT,10102,7,"570,00",-,"570,00","2.916,46",-,LIVOLTEK - VENDAS
3090601900,MP,MP07,"CABO DE 4 NUCLEOS, SAIDA DE PULSO 4*0,3MM(3090601900).",MT,10102,1,"337.500,00",-,"337.500,00","799.706,25",-,ARMAZEM PADRAO
8010300790,MP,MP09,"CABO SOLAR 1,8 KV CC PRETO",MT,10102,7,"1.720,00",-,"1.720,00","4.447,92",-,LIVOLTEK - VENDAS
9110913000,EM,CS03,FITA DE POLIESTER,MT,10102,7,"24.000,00",-,"24.000,00","4.651,20",-,LIVOLTEK - VENDAS
9120821321,MP,MP03,ELETRODUTO SUBTERRANEO CORRUGADO FLEXIVEL 1 POLEGADA,MT,10102,7,6,-,6,"8,99",-,LIVOLTEK - VENDAS
9121260800,MP,MP07,"CABO FLEXIVEL CL4 1KV HEPR 90°C VEIAS COLOR. PT 3 X 2,5MM",MT,10102,7,"10.593,00",97,"10.496,00","59.478,64","544,65",LIVOLTEK - VENDAS
9121260801,MP,MP07,CABO FLEXIVEL 1KV SIL PT 3 X 4MM,MT,10102,7,"6.711,00",-,"6.711,00","59.245,38",-,LIVOLTEK - VENDAS
9121290202,MP,MP07,"CABO SOLAR 4MM² ISOLACAO 1,8KVCC 90°C - COR PRETO",MT,10102,7,85,-,85,"288,80",-,LIVOLTEK - VENDAS
9121290203,MP,MP07,"CABO SOLAR 4MM² ISOLACAO 1,8KVCC 90°C - COR VERMELHO",MT,10102,7,85,-,85,"288,80",-,LIVOLTEK - VENDAS
9121290220,MP,MP07,"CABRNAX 90°C 1KV 4,0MM AZUL BB",MT,10102,7,"1.744,00",-,"1.744,00","4.642,53",-,LIVOLTEK - VENDAS
9121290221,MP,MP07,"CABRNAX 90°C 1KV 4,0MM PRETO BB",MT,10102,7,737,-,737,"1.999,33",-,LIVOLTEK - VENDAS
9121290222,MP,MP07,CABO COBRE 1 X 6MM² ISOLACAO 1 KV 90°C - COR VERDE COM AMARELO,MT,10102,7,"243,00",-,"243,00","1.072,16",-,LIVOLTEK - VENDAS
9121290223,MP,MP07,"CABRNAX 90°C 1KV 16,0MM VERMELHO BB",MT,10102,7,"307,80",-,"307,80","3.104,62",-,LIVOLTEK - VENDAS
9121290224,MP,MP07,"CABRNAX 90°C 1KV 16,0MM PRETO BB",MT,10102,7,"347,8",-,"347,8","3.475,74",-,LIVOLTEK - VENDAS
9121500218,RV,RV01,CABO FOTOVOLTAICO VERMELHO: 6MM2 COOPER + ESTANHADO,MT,10102,7,"10.016,00",-,"10.016,00","36.821,82",-,LIVOLTEK - VENDAS
9121500219,RV,RV01,CABO FOTOVOLTAICO PRETO: 6MM2 COOPER + ESTANHADO,MT,10102,7,"10.024,00",-,"10.024,00","36.851,23",-,LIVOLTEK - VENDAS
9192220334,MC,MR01,CABO DE ALUMINIO 185MM² COBERTO XLPE 15 KV CLASSE 2,MT,10102,7,80,-,80,"1.331,39",-,LIVOLTEK - VENDAS
9192220335,MC,MR01,CABO DE ALUMINIO 70 MM² COBERTO XLPE 15 KV CLASSE 2,MT,10102,7,46,-,46,"329,02",-,LIVOLTEK - VENDAS
9192220336,MC,MR01,"CABO DE COBRE FLEXIVEL 120MM² EPR OU XLPE CLASSE 5 0,6/1 KV",MT,10102,7,15,-,15,"1.443,30",-,LIVOLTEK - VENDAS
9192220337,MC,MR01,"CABO DE COBRE FLEXIVEL 25MM² EPR OU XLPE CLASSE 5 0,6/1 KV",MT,10102,7,78,-,78,"1.402,64",-,LIVOLTEK - VENDAS
9192220338,MC,MR01,CABO DE COBRE 35MM² EPR 8.7/15 KV CLASSE 2,MT,10102,7,47,-,47,"5.228,80",-,LIVOLTEK - VENDAS
9192220339,MC,MR01,"CABO DE COBRE FLEXIVEL 16MM² EPR OU XLPE CLASSE 5 0,6/1 KV",MT,10102,7,40,-,40,"1.008,31",-,LIVOLTEK - VENDAS
3090515080,MP,PT01,CABO ESPECIAL DE COMUNICACAO ENTRE BATERIA E INVERSOR,PC,10102,7,100,-,100,"573,59",-,LIVOLTEK - VENDAS
3111508050,MP,EM07,SEPARADOR EM EPE 970×340×250 MM PARA PROTECAO INTERNA DE EQUIPAMENTOS DURANTE TRANSPORTE,PC,10102,72,"20,00",-,"20,00","2.409,41",-,INSPECAO QUALIDADE
3111508070,MP,EM07,SEPARADOR EM EPE 970×340×260 MM PARA PROTECAO INTERNA DE EQUIPAMENTOS DURANTE TRANSPORTE.,PC,10102,72,20,-,20,"2.554,61",-,INSPECAO QUALIDADE
525030101001,RV,RV01,ACESSORIO CARREGADOR VEICULAR | CC | MC | GERENCIADOR DE CABOS TIPO HASTE POR MOLA | LIVOLTEK | 40/60KW,PC,10102,7,40,-,40,"25.496,97",-,LIVOLTEK - VENDAS
525030103001,RV,RV01,ACESSORIO CARREGADOR VEICULAR | CC | MC | ABRACADEIRA DO GERENCIADOR DE CABOS POR MOLA | LIVOLTEK | 40/60KW,PC,10102,7,40,-,40,"952,22",-,LIVOLTEK - VENDAS
9120450500,MP,MP04,TAMPA P/ CONECTOR DE PASSAGEM 4-10MM CZ,PC,10102,7,240,-,240,"324,00",-,LIVOLTEK - VENDAS
9120670122,MP,MP08,CONECTOR EMENDA 3 POLOS 6MM,PC,10102,7,"2.089,00",-,"2.089,00","9.032,84",-,LIVOLTEK - VENDAS
9120670123,MP,MP08,CONECTOR EMENDA 5 POLOS 6MM,PC,10102,7,211,-,211,"1.247,16",-,LIVOLTEK - VENDAS
9120670125,MP,MP07,BORNE PUSH-IN 6MM² 3P COR CINZA 40A,PC,10102,7,500,-,500,"1.476,70",-,LIVOLTEK - VENDAS
9120690106,MP,MP04,ABRACADEIRA PLASTICA NYLON 300 MM X 8 MM BRANCA,PC,10102,7,400,-,400,"280,4",-,LIVOLTEK - VENDAS
9120694040,MP,MP07,MINIDISJUNTOR UNIPOLAR 3KA CURVA C 20A,PC,10102,7,"212,00",-,"212,00","1.280,40",-,LIVOLTEK - VENDAS
9120694041,MP,MP07,MINIDISJUNTOR UNIPOLAR 3KA CURVA C 10A,PC,10102,7,616,-,616,"3.705,98",-,LIVOLTEK - VENDAS
9120694042,MP,MP07,DISJUNTOR BIPOLAR SDD62C40 3KA 40A,PC,10102,7,"100,00",-,"100,00","2.564,23",-,LIVOLTEK - VENDAS
9120694043,MP,MP07,DISJUNTOR BIPOLAR SD62 CURVA C 3KA 63A,PC,10102,7,100,-,100,"3.781,01",-,LIVOLTEK - VENDAS
9120694044,MP,MP07,DISJUNTOR MONO SDD61C20 3KA 20A,PC,10102,7,100,-,100,"592,42",-,LIVOLTEK - VENDAS
9120901014,MP,MP08,POSTE FINAL BORNE K SKEW35,PC,10102,7,"1.056,00",-,"1.056,00","1.322,32",-,LIVOLTEK - VENDAS
9121260606,MP,MP03,"TERMINAL TUBULAR ILHOS DUPLO 2,5MM",PC,10102,7,627,-,627,"182,27",-,LIVOLTEK - VENDAS
9121260608,MP,MP03,TERM.ILH TUB.LJ DPL.ISO. CT-3709 4MM,PC,10102,7,"1.511,00",-,"1.511,00","994,69",-,LIVOLTEK - VENDAS
9121260610,MP,MP03,TERMINAL COMPRESSAO M.MAGNET (6306) 16MM,PC,10102,7,250,-,250,"315,80",-,LIVOLTEK - VENDAS
9121260620,MP,MP03,"BARRAMENTO NEUTRO 06 TERM AZUL FIX 70, 0MM SBN6",PC,10102,7,"247,00",-,"247,00","2.857,89",-,LIVOLTEK - VENDAS
9121260621,MP,MP03,"BARRAMENTO TERRA 06 TERM VERDE FIX 70, 0MM SBT6",PC,10102,7,245,-,245,"3.083,47",-,LIVOLTEK - VENDAS
9121260622,MP,MP03,BARRAMENTO TIPO ALCA COM 8 PARAFUSOS M + 2 PARAFUSO M8,PC,10102,7,"31,00",-,"31,00","254,43",-,LIVOLTEK - VENDAS
9121290235,MP,MP08,LAMPADA DE LED 9W MODELO BULBO COM ROSCA E27 6500K BIVOLT,PC,10102,7,"242,00",-,"242,00","665,04",-,LIVOLTEK - VENDAS
9121290240,MP,MP07,QUADRO DE DISTRIBUICAO EM PVC DE CIRCUITO ELETRICO DO TIPO SOBREPOR PARA ATE 4 DISJUNTORES COM TRILHO DIN,PC,10102,7,193,-,193,"4.462,10",-,LIVOLTEK - VENDAS
9121290242,MP,MP07,CAIXA PVC RETANGULAR AM 4 X 2,PC,10102,7,"1.240,00",-,"1.240,00","1.226,11",-,LIVOLTEK - VENDAS
9121290243,MP,MP07,PLAFON SOBREPOR PVC NA COR BRANCO COM SOQUETE ROSCA E27,PC,10102,7,"183,00",-,"183,00","542,85",-,LIVOLTEK - VENDAS
9121290244,MP,MP07,PLACA CEGA 4X2 C/ SUPORTE CANOA,PC,10102,7,"1.248,00",-,"1.248,00","3.354,87",-,LIVOLTEK - VENDAS
9121290281,MP,MP07,ABRACADEIRA PARA CABO PP,PC,10102,7,"3.914,00",-,"3.914,00","2.552,32",-,LIVOLTEK - VENDAS
9121290290,MP,MP07,"HASTE TERRA S/ROS.BR.IH-858 5/8' X 2,4 0 MTS",PC,10102,7,59,-,59,"2.350,30",-,LIVOLTEK - VENDAS
9121290315,MP,MP07,CAIXA PVC OCTAGONAL PASSAGEM PARA TETO (SIGFI) - CAIXA DE LUZ OCTOFONAL 4X4 AMARELA (SIGFI),PC,10102,7,887,-,887,"2.300,70",-,LIVOLTEK - VENDAS
2010500032,MP,MP08,RESISTOR 150R 5% 300PPM 3W 5.5*15MM (R12027-L) PTH (100) (2010500032),UN,10102,1,"420.000,00",-,"420.000,00","42.798,00",-,ARMAZEM PADRAO
2011100163,MP,MP08,VARISTOR 680V 6000A -40~+85°C 0J 560V VERTICAL 2 420V 10% 448PF PTH (2011100163),UN,10102,1,"58.000,00",-,"58.000,00","13.595,20",-,ARMAZEM PADRAO
2020300102,MP,MP08,CAPACITOR ELETROLITICO 470µF 25V 20% WH 2000H RAD-5MM/F10*13MM (2020300102) PTH,UN,10102,1,"51.000,00",-,"51.000,00","7.711,20",-,ARMAZEM PADRAO
2020300152,MP,MP08,CAPACITOR ELETROLITICO 470UF 10V 20% GH 5000H RAD-2.5MM/F6.3*12MM PTH (2020300152),UN,10102,1,"14.000,00",-,"14.000,00","1.185,80",-,ARMAZEM PADRAO
2020301201,MP,MP08,CAPACITOR 22UF 400V (C07023-1) PTH (2020301201),UN,10102,1,"89.000,00",-,"89.000,00","93.539,00",-,ARMAZEM PADRAO
2020302542,MP,MP08,CAPACITOR ELETROLITICO 10.0µF 400V 20% Ø10 * 16MM RAD-5MM PTH (2020302542),UN,10102,1,"17.500,00",-,"17.500,00","7.334,25",-,ARMAZEM PADRAO
2020302671,MP,MP08,CAPACITOR ELETROLITICO DE ALUMINIO PTH 100UF 20% 35V 7000H 400MA F6.3*11MM/RAD-2.5MM (2020302671),UN,10102,1,"6.000,00",-,"6.000,00","760,80",-,ARMAZEM PADRAO
2020302701,MP,MP08,CAPACITOR ELETROLITICO DE ALUMINIO PTH 1000µF 20% 35V 10000H 1900MA F12.5*20MM/RAD-5MM (2020302701),UN,10102,1,500,-,500,"45,75",-,ARMAZEM PADRAO
2020303291,MP,MP08,CAPACITOR ELETROLITICO DE ALUMINIO PTH 10.0µF 50V 20% YXF 5000H RAD-2MM/F5*11MM (2020303291),UN,10102,1,"102.000,00",-,"102.000,00","9.557,40",-,ARMAZEM PADRAO
2020500322,MP,MP08,CAPACITOR 220NF 10% 330V 18*13.5*6MM RAD-15MM (C09042-1)PTH (2020500322),UN,10102,1,"23.500,00",-,"23.500,00","4.643,60",-,ARMAZEM PADRAO
2020700011,MP,MP08,"CAPACITOR CERAMICO 100PF,10%,1000V,RAD-5MM (C11029-1) PTH (2020700011)",UN,10102,1,"10.000,00",-,"10.000,00","1.546,00",-,ARMAZEM PADRAO
2020700061,MP,MP08,"CAPACITOR CERAMICO 1NF,20%,250V,RAD-10MM (C09041-1) PTH (2020700061)",UN,10102,1,"118.000,00",-,"118.000,00","8.979,80",-,ARMAZEM PADRAO
2020700071,MP,MP08,CAPACITOR CERAMICO 2.2NF ±20% 250V F(Y5V)30%~-80% RAD-7.5MM 9.0MM*5.0MM PTH (2020700071),UN,10102,1,"134.000,00",-,"134.000,00","14.096,80",-,ARMAZEM PADRAO
2030300073,MP,MP08,BOBINA DE AUTO-INDUCAO (INDUTOR) PJ0080-U9.8-1 15-40MH 0% 18*18*8MM PARA MONTAGEM PTH (2030300073),UN,10102,1,"18.360,00",-,"18.360,00","7.446,82",-,ARMAZEM PADRAO
2030302030,MP,MP08,INDUTOR FIXO DE 2.2MH 10% 1KHZ&1V 0.12A 6O RAD-3MM/F7.5*11MM PTH (2030302030),UN,10102,1,"11.000,00",-,"11.000,00","1.202,30",-,ARMAZEM PADRAO
2030500021,MP,MP08,"BOBINA DE AUTOINDUCAO (INDUTOR) DE CHIP, 1.0MH 10% 100MA 14R 10.5*4.0*4.0 (2030500021) PTH",UN,10102,1,"16.000,00",-,"16.000,00","883,2",-,ARMAZEM PADRAO
2030900172,MP,MP08,BOBINA DE AUTOINDUCAO (INDUTOR) 80R/100MHZ 20R/10MHZ 3A 3.5*6.0MM (I03003-1) PTH (2030900172),UN,10102,1,"8.000,00",-,"8.000,00","150,40",-,ARMAZEM PADRAO
2040400161,MP,MP08,"DIODO EMISSOR DE LUZ R F5,1.35V,940NM (A01849) PTH (2040400161)",UN,10102,1,"127.200,00",-,"127.200,00","36.188,40",-,ARMAZEM PADRAO
2040500074,MP,MP08,FOTOTRANSISTOR F5 940 42UA 10UA 0.5-1.3V PTH (2040500074),UN,10102,1,"66.000,00",-,"66.000,00","9.636,00",-,ARMAZEM PADRAO
2040500150,MP,MP08,FOTOTRASISTOR F5 1.2V 940NM RAD-2.54MM 24±0.5MM PRETO PTH,UN,10102,1,"13.200,00",-,"13.200,00","2.357,52",-,ARMAZEM PADRAO
2040500160,MP,MP08,FOTOTRASISTOR F5 1.2V 940NM RAD-2.54MM 20±0.5MM PRETO PTH (2040500160),UN,10102,1,"2.000,00",-,"2.000,00","357,2",-,ARMAZEM PADRAO
2041101391,MP,MP08,LED 625NM 1800MCD 1.9V 20MA RAD-2.54MM 20±0.5MM BRANCO PTH (2041101391),UN,10102,1,"11.000,00",-,"11.000,00",671,-,ARMAZEM PADRAO
2041101411,MP,MP08,LED 625NM 1800MCD 1.9V 20MA RAD-2.54MM 3.6±0.5MM BRANCO PTH (2041101411),UN,10102,1,"1.000,00",-,"1.000,00","60,8",-,ARMAZEM PADRAO
2041101441,MP,MP08,LED 625NM 110MCD 1.9V 5MA RAD-2.54MM 3.6±0.5MM VERMELHO PTH (2041101441),UN,10102,1,"10.000,00",-,"10.000,00","624,00",-,ARMAZEM PADRAO
2050102281,MP,MP08,CI MICROCONTROLADOR 32 BITS PARA MONTAGEM SMD 2.8~5.5V 48.0KB 512.0KB LQFP100 RN8217(2050102281) SMT,UN,10102,1,"76.500,00",-,"76.500,00","512.343,45",-,ARMAZEM PADRAO
2050300861,MP,MP08,CIRCUITO INTEGRADO PARA MEDICAO DE ENERGIA ELETRICA TRIFASICA 3.3V 3 4 QFP44 (2050300861) SMT,UN,10102,1,"52.800,00",-,"52.800,00","328.431,84",-,ARMAZEM PADRAO
2050902711,MP,MP08,"CIRCUITO INTEGRADO ELETRONICO DO TIPO CHIPSET, MONTADO, PROPRIO PARA MONTAGEM POR INSERCAO PTH - 0.0MA TO220-5 (2050902",UN,10102,1,"65.000,00",-,"65.000,00","180.375,00",-,ARMAZEM PADRAO
2052300020,MP,MP08,CIRCUITO INTEGRADO DE DRIVER DE RELE PARA MONTAGEM SMD 4.5~24V 1.5A SOP-8 SMT (2052300020),UN,10102,1,"80.000,00",-,"80.000,00","48.624,00",-,ARMAZEM PADRAO
2052700180,MP,MP08,CIRCUITO INTEGRADO REGULADOR DE TENSAO LOW DROP-OUT LDO 2.7~36V 3.3V 2% 100MA SOT89 SMT (2052700180),UN,10102,1,"190.000,00",-,"190.000,00","33.269,00",-,ARMAZEM PADRAO
2060100092,MP,MP08,DIODO RETIFICADOR 1.1V 1000V 1A SMA-W (A01013-1) SMT (5000) (2060100092),UN,10102,1,"990.000,00",-,"990.000,00","29.700,00",-,ARMAZEM PADRAO
2060100171,MP,MP08,"DIODO 4.5V,4000V,0.2A,DO-41 (A01760) PTH (2060100171)",UN,10102,1,"108.000,00",-,"108.000,00","13.694,40",-,ARMAZEM PADRAO
2060501451,MP,MP08,DIODO ZENER BZT52C5V1 5.1V 6% 0.5W SOD123 SMT (2060501451),UN,10102,1,"6.000,00",-,"6.000,00",-,-,ARMAZEM PADRAO
2060501471,MP,MP08,DIODO ZENER SUPRESSOR DE TENSAO TRANSIENTE (TVS) 1W 15V 5% LT4744A1A SMA (2060501471) SMT,UN,10102,1,"15.000,00",-,"15.000,00",-,-,ARMAZEM PADRAO
2061300170,MP,MP08,"DISPOSITIVO SEMICONDUTOR TIPO TRANSISTOR (IGBT) 375W, 650V;150A 25?;75A 100?;±20V;4V;TO-247",UN,10102,8,400,-,400,"5.176,08",-,LIVOLTEK - WARRANTY
2061300280,MP,MP08,IGBT 230W650V 80A TO-247 (2061300280),UN,10102,8,800,-,800,"3.368,00",-,LIVOLTEK - WARRANTY
2061700040,MP,MP08,DIODO SIC 1.44V 60A 650V 1UA TO-247-3 (2061700040),UN,10102,8,400,-,400,"2.296,96",-,LIVOLTEK - WARRANTY
2062100020,MP,MP08,TRANSISTOR MOSFET NMOS 900V 4A 4.2R TO-220 PTH (2062100020),UN,10102,1,"11.000,00",-,"11.000,00","35.706,00",-,ARMAZEM PADRAO
2080900350,MP,MP09,DISPOSITIVO DE PROTECAO CONTRA SURTOS (DPS) 670V PV20K-670 34*26*14MM,UN,10102,7,"1.300,00",-,"1.300,00","10.130,12",-,LIVOLTEK - VENDAS
2080900350,MP,MP09,DISPOSITIVO DE PROTECAO CONTRA SURTOS (DPS) 670V PV20K-670 34*26*14MM,UN,10102,24,"1.300,00",-,"1.300,00","10.130,12",-,ESTOQUE EM TRANSITO
2090100041,MP,MP08,"CONECTOR FEMEA 1*4PIN,2.54MM,10.16*2.50*8.5 VERTICAL (G04052) PTH (2090100041)",UN,10102,1,"122.400,00",-,"122.400,00","11.689,20",-,ARMAZEM PADRAO
2090100411,MP,MP08,CONECTOR FEMEA 2*6PIN 2.54MM 8.5MM Y (2090100411) PTH,UN,10102,1,"112.400,00",-,"112.400,00","15.207,72",-,ARMAZEM PADRAO
2090103820,MP,MP08,"CONECTOR HEADER FEMEA PARA MONTAGEM PTH 2X17, ESPACAMENTO 2,54MM, PTH (2090103820)",UN,10102,1,"96.300,00",-,"96.300,00","52.300,53",-,ARMAZEM PADRAO
2090902871,MP,MP08,"CONECTOR TIPO BORNE PARA MONTAGEM PTH 1X7, ESPACAMENTO 5,08MM, RETO, 12A UL/15A IEC (2090902871)",UN,10102,1,"48.500,00",-,"48.500,00","101.209,80",-,ARMAZEM PADRAO
2100100171,MP,MP08,TRANSFORMADOR DE FREQUENCIA DE ENERGIA PE2809 03 230VAC 31X28X24MM (2100100171) PTH,UN,10102,1,"240.907,00",-,"240.907,00","791.018,13",-,ARMAZEM PADRAO
2100301112,MP,MP08,TRANSFORMADOR DE ALTA FREQUENCIA 90UH 0µH 2 4200V EE20 23*22*18.5MM PTH (2100301112),UN,10102,1,"118.800,00",-,"118.800,00","259.756,20",-,ARMAZEM PADRAO
2120302131,MP,MP08,LCD 3.3V 6COM 18SEG 26.0MM 18.3*54.3MM HTN (LND032-0) PTH (2120302131),UN,10102,1,"2.148,00",-,"2.148,00","6.526,05",-,ARMAZEM PADRAO
2120302645,MP,MP08,LCD 3.4V 4COM 17SEG 17MM 16X49.1MM (2120302645) PTH,UN,10102,1,"50.821,00",-,"50.821,00","109.692,05",-,ARMAZEM PADRAO
2120302761,MP,MP08,"LCD 3.4V,6COM,22SEG,13MM,18.80X62.75MM,HTN (LWS007-0) PTH (2120302761)",UN,10102,1,"18.423,00",-,"18.423,00","71.066,72",-,ARMAZEM PADRAO
2120303450,MP,MP08,LCD 3.3V 6COM 28SEG 17.5MM 22X64.25MM HTN PTH (2120303450),UN,10102,1,"18.917,00",-,"18.917,00","73.362,02",-,ARMAZEM PADRAO
2120303460,MP,MP08,LCD 3.3V 6COM 26SEG 17.5MM 22X52.4MM HTN (2120303460) PTH,UN,10102,1,"21.783,00",-,"21.783,00","74.547,96",-,ARMAZEM PADRAO
2120304241,MP,MP08,MOSTRADOR DE CRISTAL LIQUIDO HTN 6*18MM 3V 65*30*31.7/2MM PTH (2120304241),UN,10102,1,"306.139,00",-,"306.139,00","896.926,04",-,ARMAZEM PADRAO
2120305691,MP,MP08,"MOSTRADOR DE CRISTAL LIQUIDO HTN 4X47MM 3,3V 77X36X25.4/2.54MM PTH (2120305691)",UN,10102,1,"30.200,00",-,"30.200,00","227.644,58",-,ARMAZEM PADRAO
2140103240,MP,MP08,ANTENA FRP N (ZK) 902-928MHZ - 2DBI L285MM (2140103240),UN,10102,1,"11.520,00",-,"11.520,00","200.024,06",-,ARMAZEM PADRAO
2140103240,MP,MP08,ANTENA FRP N (ZK) 902-928MHZ - 2DBI L285MM (2140103240),UN,10102,7,311,-,311,"6.299,71",-,LIVOLTEK - VENDAS
2140500020,MP,MP08,ADAPTADOR DE CONEXAO RF SMA MACHO PARA TIPO N MACHO 3600MM E TENSAO DE ATE 300 VDC (2140500020),UN,10102,1,"27.725,00",-,"27.725,00","298.451,31",-,ARMAZEM PADRAO
2150121700,MP,MP11,PLACA DE CIRCUITO IMPRESSO 2 117*206*1.6MM/1(2150121700) SMT,UN,10102,1,"10.810,00",-,"10.810,00","78.974,62",-,ARMAZEM PADRAO
2150127660,MP,MP08,PLACA DE CIRCUITO IMPRESSO 2 107.2MM 185.1MM 1.6MM 3 ROHS (2150127660) SMT,UN,10102,1,"80.000,00",-,"80.000,00","232.440,00",-,ARMAZEM PADRAO
2150132270,MP,MP11,PLACA DE CIRCUITO IMPRESSO 2.0 222.05MM 164.0MM 1.6MM 1.0 ROHS (2150132270) SMT,UN,10102,1,"11.191,00",-,"11.191,00","135.561,06",-,ARMAZEM PADRAO
2150135300,MP,MP11,PLACA DE CIRCUITO IMPRESSO 2 146*306.92*1.6MM/2 SMT (2150135300),UN,10102,1,"5.453,00",-,"5.453,00","36.714,50",-,ARMAZEM PADRAO
2150136420,MP,MP11,PLACA DE CIRCUITO IMPRESSO 2 206.0*117.0*1.6MM/1 NAO-ROHS (2150136420) SMT,UN,10102,1,"2.299,00",-,"2.299,00","18.561,44",-,ARMAZEM PADRAO
2150136750,MP,MP11,PLACA DE CIRCUITO IMPRESSO 2 330*165*1.6MM/2 NAO-ROHS (2150136750) SMT,UN,10102,1,"8.224,00",-,"8.224,00",-,-,ARMAZEM PADRAO
2150138330,MP,MP11,PLACA DE CIRCUITO IMPRESSO 2 237.5MM*117.0MM*1.6MM/1 NAO-ROHS SMT (2150138330),UN,10102,1,"1.119,00",-,"1.119,00","10.244,22",-,ARMAZEM PADRAO
2150138350,MP,MP11,PLACA DE CIRCUITO IMPRESSO 2 237.5MM*116.98MM*1.6MM/1 NAO-ROHS SMT (2150138350),UN,10102,1,"8.991,00",-,"8.991,00","90.421,59",-,ARMAZEM PADRAO
2150143520,MP,MP11,PLACA DE CIRCUITO IMPRESSO 2 101.79MM*322.0MM*1.6MM/2 NAO-ROHS (2150143520) SMT,UN,10102,1,"65.800,00",-,"65.800,00","432.391,54",-,ARMAZEM PADRAO
2150149950,MP,MP11,PLACA DE CIRCUITO IMPRESSO 2 234.0MM*209.0MM*1.6MM/4 NAO-ROHS (2150149950) SMT,UN,10102,1,"2.996,00",-,"2.996,00","10.848,22",-,ARMAZEM PADRAO
2150155850,MP,MP11,PLACA DE CIRCUITO IMPRESSO 2 236.0MM*175.64MM*1.6MM/4 NAO-ROHS (2150155850) SMT,UN,10102,1,"296.588,00",-,"296.588,00","699.740,07",-,ARMAZEM PADRAO
2150160520,MP,MP11,PLACA DE CIRCUITO IMPRESSO 2 247.0MM*236.0MM*1.6MM/4 NAO-ROHS (2150160520) SMT,UN,10102,1,"60.120,00",-,"60.120,00","187.454,16",-,ARMAZEM PADRAO
2150165830,MP,MP11,PLACA DE CIRCUITO IMPRESSO 2 310.33MM*167.13MM*1.6MM/2 NAO-ROHS (2150165830) SMT,UN,10102,1,"4.782,00",-,"4.782,00","28.485,90",-,ARMAZEM PADRAO
3010101430,MP,MP08,"TC - TRANSFORMADOR DE CORRENTE 5(120)A,2MA,20R,0.1,6.AK.00 HIGH END (3010101430)",UN,10102,1,"25.950,00",-,"25.950,00","122.375,01",-,ARMAZEM PADRAO
3010106530,MP,MP08,TRANSFORMADOR ELETRICO DE CORRENTE COR. NOMINAL 30A COR. MAXIMA 200A 30(200)A/12MA C/ BLINDAGEM (3010106530),UN,10102,1,"10.800,00",-,"10.800,00","106.531,20",-,ARMAZEM PADRAO
3010107170,MP,MP08,"TRANSFORMADOR ELETRICO DE CORRENTE COR. NOMINAL 30A COR. MAXIMA 200A 30(200)A/7,5MA PTH (3010107170)",UN,10102,1,"2.304,00",-,"2.304,00","14.085,04",-,ARMAZEM PADRAO
3010300500,MP,MP08,RELE 100A 12V 180 5.565.314-C62 PTH (3010300500),UN,10102,1,"10.000,00",-,"10.000,00","119.503,00",-,ARMAZEM PADRAO
3010300510,MP,MP08,"RELE 120A ,120 12VDC 5.565.015-J17 PTH (3010300510)",UN,10102,1,"41.720,00",-,"41.720,00","694.341,79",-,ARMAZEM PADRAO
3010312910,MP,MP08,RELE 100A 12V (120µO) 30103 EN70 01 (3010312910) PTH,UN,10102,1,"70.000,00",-,"70.000,00","961.737,00",-,ARMAZEM PADRAO
3010313950,MP,MP08,RELE 100A 12V (180µO) 30103 DH70 03 FASE 1 PTH (3010313950),UN,10102,1,"9.600,00",-,"9.600,00","150.559,68",-,ARMAZEM PADRAO
3010313960,MP,MP08,RELE 100A 12V (180µO) 30103 DH70 02 FASE 2 PTH (3010313960),UN,10102,1,"9.250,00",-,"9.250,00","147.107,38",-,ARMAZEM PADRAO
3010314420,MP,MP08,RELE 100A 12V (180µO) 30103-EQ70-01 PROT. MAGNETICA PTH (3010314420),UN,10102,1,"64.997,00",-,"64.997,00",-,-,ARMAZEM PADRAO
3010500400,MP,MP03,PONTE DE COBRE (FASE) SHUNT- MEDIDOR MONOFASICO HIGH END (3010500400),UN,10102,1,"2.244,00",-,"2.244,00","5.341,84",-,ARMAZEM PADRAO
3010502700,MP,MP03,PONTE DE COBRE FASE C ESTANHADO CORRENTE MAX. 120A S/ ISOLACAO APLICADO ATE 240V PTH (3010502700),UN,10102,1,"97.160,00",-,"97.160,00","271.931,41",-,ARMAZEM PADRAO
3010502710,MP,MP03,PONTE DE COBRE FASE B ESTANHADO CORRENTE MAX. 120A S/ ISOLACAO APLICADO ATE 240V PTH (3010502710),UN,10102,1,"56.545,00",-,"56.545,00","189.584,08",-,ARMAZEM PADRAO
3010502720,MP,MP03,PONTE DE COBRE FASE A ESTANHADO CORRENTE MAX. 120A S/ ISOLACAO APLICADO ATE 240V PTH (3010502720),UN,10102,1,"23.354,00",-,"23.354,00","111.225,76",-,ARMAZEM PADRAO
3010502820,MP,MP03,"PONTE DE COBRE FASE ESTANHADO CORRENTE MAX. 100A 180UR LLNN 22,0G 30105-DX70-07 PTH (3010502820)",UN,10102,1,"15.284,00",-,"15.284,00","39.938,62",-,ARMAZEM PADRAO
3010502880,MP,MP03,"PONTE DE COBRE FASE B (SHUNT) 120A 120UR 0MM ESTANHADO LNNL 36,8G 30105-ED73-06 (3010502880) PTH",UN,10102,1,"21.954,00",-,"21.954,00","88.608,54",-,ARMAZEM PADRAO
3010502890,MP,MP03,"PONTE DE COBRE FASE C (SHUNT) 120A 120UR 0MM ESTANHADO LNNL 23,3G 30105-ED73-07 (3010502890) PTH",UN,10102,1,"22.651,00",-,"22.651,00","58.136,06",-,ARMAZEM PADRAO
3010913290,MP,MP09,MINI DISJUNTOR CC LIVOLTEK LTB2Z-63 2P 1000V 40A (LTB2Z-63 -40A) (3010913290),UN,10102,7,142,-,142,"3.660,55",-,LIVOLTEK - VENDAS
3010914640,MP,MP08,DISJUNTOR BIPOLAR CC 1000V 63A,UN,10102,7,224,-,224,"5.738,57",-,LIVOLTEK - VENDAS
3010914690,MP,MP08,DISJUNTOR MONOPOLAR CA 415V 20A,UN,10102,7,225,-,225,"824,87",-,LIVOLTEK - VENDAS
3012103830,MP,MP08,TERMINAL ELETRICO MC4 FEMEA,UN,10102,7,"6.390,00",-,"6.390,00","10.947,99",-,LIVOLTEK - VENDAS
3012103830,MP,MP08,TERMINAL ELETRICO MC4 FEMEA,UN,10102,12,16,-,16,"27,41",-,SOLAR DISAPPROVAL
3012103860,MP,MP08,CONECTOR MC4 MACHO,UN,10102,7,"6.748,00",-,"6.748,00","8.152,93",-,LIVOLTEK - VENDAS
3012103860,MP,MP08,CONECTOR MC4 MACHO,UN,10102,12,16,-,16,"19,33",-,SOLAR DISAPPROVAL
3012103890,MP,MP08,CONECTOR MC4 FEMEA,UN,10102,7,"6.617,00",-,"6.617,00","5.602,61",-,LIVOLTEK - VENDAS
3012103890,MP,MP08,CONECTOR MC4 FEMEA,UN,10102,12,16,-,16,"13,55",-,SOLAR DISAPPROVAL
3012103900,MP,MP08,TERMINAL ELETRICO MC4 MACHO,UN,10102,7,"6.303,00",-,"6.303,00","7.685,88",-,LIVOLTEK - VENDAS
3012103900,MP,MP08,TERMINAL ELETRICO MC4 MACHO,UN,10102,12,16,-,16,"19,51",-,SOLAR DISAPPROVAL
3013000870,MP,MP07,INTERRUPTOR SECCIONADOR DC PEDS150H-HM50-6F,UN,10102,7,"1.000,00",-,"1.000,00","52.093,20",-,LIVOLTEK - VENDAS
3013000870,MP,MP07,INTERRUPTOR SECCIONADOR DC PEDS150H-HM50-6F,UN,10102,24,"1.000,00",-,"1.000,00","52.093,20",-,ESTOQUE EM TRANSITO
3013100020,MP,MP07,INTERRUPTOR SECCIONADOR DC PEDS150-HM3,UN,10102,7,"2.100,00",-,"2.100,00","68.420,10",-,LIVOLTEK - VENDAS
3013100020,MP,MP07,INTERRUPTOR SECCIONADOR DC PEDS150-HM3,UN,10102,24,"2.100,00",-,"2.100,00","68.420,10",-,ESTOQUE EM TRANSITO
3013200300,MP,MP09,DPS CC LIVOLTEK LSP-40 2P 600V 40KA (LSP-40/2) (3013200300),UN,10102,7,350,-,350,"10.275,72",-,LIVOLTEK - VENDAS
3013200360,MP,MP07,DISPOSITIVO DE PROTECAO CONTRA SURTOS DPS CLASSE II 275V QUADRIPOLAR,UN,10102,7,441,-,441,"4.492,25",-,LIVOLTEK - VENDAS
3013601960,MP,MP08,"TC BIPARTIDO 500/5 CLASSE 0.5 COM DERIVACAO P/ MEDICAO DE TENSAO, COMP. 3,5M (3013601960)",UN,10102,1,90,-,90,-,-,ARMAZEM PADRAO
3013603050,MP,MP08,"TC BIPARTIDO 500/5 CLASSE 0.5 COM DERIVACAO PARA MEDICAO DE TENSAO, COMPRIMENTO 4M",UN,10102,1,"2.592,00",-,"2.592,00","399.740,31",-,ARMAZEM PADRAO
3013603080,MP,MP07,TRANSFORMADOR DE CORRENTE BH50I-1000A/5A MONOFASICO CLASSE 0.5,UN,10102,7,48,-,48,"1.789,30",-,LIVOLTEK - VENDAS
3013603080,MP,MP07,TRANSFORMADOR DE CORRENTE BH50I-1000A/5A MONOFASICO CLASSE 0.5,UN,10102,8,42,-,42,"1.633,96",-,LIVOLTEK - WARRANTY
3023303010,MP,MP04,SUPORTE PARA LCD HXE 12DL (3023303010) PTH,UN,10102,1,"415.396,00",-,"415.396,00","255.094,68",-,ARMAZEM PADRAO
3023702160,MP,MP04,"FOLHA DE ISOLAMENTO 0,3MM PESO 6,3G PC PRETO UL94-V0 (3023702160)",UN,10102,1,"1.898,00",-,"1.898,00","3.015,92",-,ARMAZEM PADRAO
3030100420,MP,MP03,PARAFUSO PIERCE PARA TAMPA PRINCIPAL MONO NOVO CRONOS THC (8.910.0410.5G-1-1) (3030100420),UN,10102,1,"10.100,00",-,"10.100,00","1.850,32",-,ARMAZEM PADRAO
3030100430,MP,MP03,PARAFUSO PIERCE PARA TAMPA PRINCIPAL POLI NOVO CRONOS THC (8.910.0420.2G-1-1) (3030100430),UN,10102,1,"4.550,00",-,"4.550,00","769,86",-,ARMAZEM PADRAO
3030104220,MP,MP03,"PARAFUSO M3X0,8 PARA FIXACAO DAS PONTES NO BLOCO MEDIDOR ARES 30/200 (M03.08.02H-1-1)",UN,10102,1,"58.000,00",-,"58.000,00","2.424,40",-,ARMAZEM PADRAO
3030105660,MP,MP03,PARAFUSO ALLEN TERMINAL ACO INOX MEDIDOR ARES 30/200 (3030105660),UN,10102,1,"28.300,00",-,"28.300,00","12.655,76",-,ARMAZEM PADRAO
3030105810,MP,MP03,PARAFUSO CABECA CILINDRICA FENDA CRUZADA M3X5 - ZINCADO BRANCO (3030105810),UN,10102,1,"27.400,00",-,"27.400,00","216,46",-,ARMAZEM PADRAO
3030107520,MP,MP03,PARAFUSO PARA TERMINAIS M6X15MM - LATAO NIQUELADO (3030107520),UN,10102,1,"23.550,00",-,"23.550,00","5.562,51",-,ARMAZEM PADRAO
3030109560,MP,MP03,PARAFUSO DO TERMINAL DE CORRENTE - FENDA SIMPLES - ZINCO NIQUEL (3030109560),UN,10102,1,"212.100,00",-,"212.100,00","21.909,93",-,ARMAZEM PADRAO
3030109940,MP,MP03,PARAFUSO EM ACO INOX HEADLESS M10*400MM (3030109940),UN,10102,1,"2.020,00",-,"2.020,00","10.913,45",-,ARMAZEM PADRAO
3030110040,MP,MP03,PARAFUSO TERMINAL DE CORRENTE MEDIDOR INDIRETO M4*9 FENDA CRUZADA ZINCO NIQUEL THS (3030110040),UN,10102,1,"174.750,00",-,"174.750,00","6.221,10",-,ARMAZEM PADRAO
3030303170,MP,MP03,PARAFUSO PIERCE EM ACO AUTOATARRAXANTE ROSCA PARCIAL - 20MM - FENDA SIMP. ZINC. AMARELO (3030303170),UN,10102,1,"40.400,00",-,"40.400,00","6.076,16",-,ARMAZEM PADRAO
3030501480,MP,MP03,"PARAFUSO M4*12MM CABECA CILINDRICA, F6MM F2.2MM ACO CARBONO 1022 30305-HXTY-09 (3030501480)",UN,10102,1,"55.000,00",-,"55.000,00","4.350,50",-,ARMAZEM PADRAO
3030502830,MP,MP03,"PARAFUSO M4*20MM CABECA CILINDRICA, FENDA CRUZADA, F6MM F2.2MM ACO CARBONO 1022 (3030502830)",UN,10102,1,"36.550,00",-,"36.550,00","2.836,28",-,ARMAZEM PADRAO
3030702210,MP,MP03,PARAFUSO DE EXPANSAO M6*60 ACO INOXIDAVEL SUS304 MEIA ROSCA (3030702210),UN,10102,7,622,-,622,"682,65",-,LIVOLTEK - VENDAS
3030900500,MP,MP03,"PORCA REDONDA M4 F5,8 MM 6,0 MM LATAO HPB59-1 DECAPAGEM SEM PADRAO 30309-HXTY-06 (3030900500)",UN,10102,1,"426.600,00",-,"426.600,00","20.178,18",-,ARMAZEM PADRAO
3032702090,MP,MP03,PARAFUSO COMPOSTO M5X12MM - ZINCADO BRANCO (3032702090),UN,10102,1,"3.450,00",-,"3.450,00","545,10",-,ARMAZEM PADRAO
3040301130,MP,MP03,PONTE DE COBRE ESTANHADA DO NEUTRO HIGH END POLIFASICO (3040301130),UN,10102,1,"11.424,00",-,"11.424,00","16.388,87",-,ARMAZEM PADRAO
3040303370,MP,MP03,"PONTE DE COBRE FASE C ESTANHADA 94,8X90X5MM FIO VERMELHO (100MM) 200A 240V PTH (3040303370)",UN,10102,1,"6.486,00",-,"6.486,00","58.962,28",-,ARMAZEM PADRAO
3040303540,MP,MP03,PONTE DE COBRE NEUTRO ESTANHADO - CRONOS 7022NG 2MM 31*25*15 13G 30403-ED73-01 (3040303540) PTH,UN,10102,1,"23.494,00",-,"23.494,00","37.021,85",-,ARMAZEM PADRAO
3040303740,MP,MP03,"PONTE DE COBRE NEUTRO ESTANHADA 54,6X38X5MM FIO PRETO (100MM) 200A 240V PTH (3040303740)",UN,10102,1,"4.656,00",-,"4.656,00","27.373,09",-,ARMAZEM PADRAO
3040303790,MP,MP03,"PONTE DE COBRE NEUTRO ESTANHADA C/PINO RIGIDO PARA CONEXAO 41,4X31,8X25MM 120A 240V PTH (3040303790)",UN,10102,1,"13.776,00",-,"13.776,00","39.231,29",-,ARMAZEM PADRAO
3040501440,MP,MP06,"TERMINAL DE COMUNICACAO RIGIDO MEDIDOR HXE12DL 4,1*8,3*16,8 MM F1.6*16.6 30405-DX70-04 (3040501440)",UN,10102,1,"12.508,00",-,"12.508,00","2.318,98",-,ARMAZEM PADRAO
3040502530,MP,MP06,TERMINAL DE COMUNICACAO RIGIDO MEDIDOR HXE12DL 4.1*5.1*20.9MM F1.6*18.7 30405-DX70-06 (3040502530),UN,10102,1,"10.177,00",-,"10.177,00","2.247,08",-,ARMAZEM PADRAO
3040702190,MP,MP03,TERMINAL DE CORRENTE - MEDIDOR POLI - ZINCO NIQUEL 5N.M (3040702190),UN,10102,1,"4.312.846,00",-,"4.312.846,00","2.163.323,55",-,ARMAZEM PADRAO
3040702390,MP,MP03,"TERMINAL DE CORRENTE LATAO NIQUELADO H62, DIMENSAO 40,6X38X21MM, TORQUE 22N (3040702390)",UN,10102,1,"7.200,00",-,"7.200,00","39.836,88",-,ARMAZEM PADRAO
3040702430,MP,MP03,TERMINAL DE CORRENTE - MEDIDOR POLI - LATAO NIQUELADO 5N.M (3040702430),UN,10102,1,"57.600,00",-,"57.600,00","46.483,20",-,ARMAZEM PADRAO
3040900010,MP,MP03,PARTE METALICA PARA PORTA OPTICA (3040900010),UN,10102,1,"220.855,00",-,"220.855,00","50.840,82",-,ARMAZEM PADRAO
3041501590,MP,MP03,CHAPA METALICA ANTI-MAGNETICA EM ACO CARBONO ESPESSURA 2MM 40X40MM (3041501590),UN,10102,1,"64.800,00",-,"64.800,00","41.122,08",-,ARMAZEM PADRAO
3042302970,MP,MP07,CONECTOR TERMINAL PRE-ISOLADO SIMPLES ESTANHADO ISOLADO 750V,UN,10102,7,"2.240,00",-,"2.240,00","210,78",-,LIVOLTEK - VENDAS
3042305120,MP,MP03,TERMINAL TUBULAR 6MM² ISOLADO 12MM (E6012) (3042305120),UN,10102,7,"3.258,00",-,"3.258,00","142,37",-,LIVOLTEK - VENDAS
3042306070,MP,MP07,CONECTOR TERMINAL ILHOS TUBULAR 4-6MM² 750V,UN,10102,7,"3.177,00",-,"3.177,00","225,57",-,LIVOLTEK - VENDAS
3042702220,MP,MP03,PONTE DE COBRE BARRAMENTO NEUTRO T2 3MM 504*48*43MM,UN,10102,1,"2.717,00",-,"2.717,00","91.241,21",-,ARMAZEM PADRAO
3042706140,MP,MP03,PONTE DE COBRE BARRAMENTO FASE B COBRE T2 3MM 506*78*42MM PESO 370G COM ISOLAMENTO (3042706140),UN,10102,1,"5.801,00",-,"5.801,00","217.929,07",-,ARMAZEM PADRAO
3042706150,MP,MP03,PONTE DE COBRE BARRAMENTO FASE C COBRE T2 3MM 515.6*61.5*43MM PESO 362G COM ISOLAMENTO (3042706150),UN,10102,1,"2.451,00",-,"2.451,00","87.053,64",-,ARMAZEM PADRAO
3042706160,MP,MP03,PONTE DE COBRE BARRAMENTO FASE A COBRE T2 3MM 496.4*95*43MM PESO 377G COM ISOLAMENTO (3042706160),UN,10102,1,"3.226,00",-,"3.226,00","120.347,22",-,ARMAZEM PADRAO
3051506010,MP,MP03,"SUPORTE DE MONTAGEM (LONGO) SUS304 DE ACO INOXIDAVEL 1,2 MM 224×60×102MM 30515-EA7 (3051506010)",UN,10102,7,311,-,311,"2.453,35",-,LIVOLTEK - VENDAS
3051701630,MP,MP03,"ARO SUS304 DE ACO INOXIDAVEL 0,3MM 1100*10MM 30517-BXI-03 FORMA DE DENTE (3051701630)",UN,10102,1,"31.745,00",-,"31.745,00","27.373,71",-,ARMAZEM PADRAO
3051701630,MP,MP03,"ARO SUS304 DE ACO INOXIDAVEL 0,3MM 1100*10MM 30517-BXI-03 FORMA DE DENTE (3051701630)",UN,10102,7,311,-,311,"191,11",-,LIVOLTEK - VENDAS
3061700120,MP,MP07,POSTE FINAL PARA TRILHO DIN,UN,10102,7,"1.370,00",-,"1.370,00","185,91",-,LIVOLTEK - VENDAS
3090104260,MP,MP06,SCJ. PONTE DE COBRE ESTANHADA - FASE A - HIGH END (3090104260),UN,10102,1,"38.370,00",-,"38.370,00","121.295,24",-,ARMAZEM PADRAO
3090104270,MP,MP06,SCJ. PONTE DE COBRE ESTANHADA - FASE B - HIGH END (3090104270),UN,10102,1,"10.022,00",-,"10.022,00","24.266,27",-,ARMAZEM PADRAO
3090104280,MP,MP06,SCJ. PONTE DE COBRE ESTANHADA - FASE C - HIGH END (3090104280),UN,10102,1,"38.416,00",-,"38.416,00","70.385,80",-,ARMAZEM PADRAO
3142100700,MP,MP03,"TUBO (CARCACA) DE LATAO PARA HIDROMETRO (CONTADORES DE LIQUIDOS) RESIDENCIAL DN15, COMPRIMENTO 165MM",UN,10102,1,"58.000,00",-,"58.000,00","2.299.723,20",-,ARMAZEM PADRAO
3990028680,MP,MP08,INVERSOR OFF-GRID BV1-3K48L1 (3990028680),UN,10102,8,2,-,2,"11.413,40",-,LIVOLTEK - WARRANTY
5040902330,MP,MP06,SCJ. BLOCO DE TERMINAIS MEDIDOR HXE12DL TC ASSIMETRICO 100A C/ PONTE DE COBRE NEUTRO (5040902330),UN,10102,1,"30.189,00",-,"30.189,00","232.446,24",-,ARMAZEM PADRAO
5041600260,MP,MP08,RELE ELETROMECANICO COM BLINDAGEM ANTIMAGNETICA SHUNT E TC ACOPLADO 12V 250V 120A PTH (5041600260),UN,10102,1,540,-,540,"20.278,84",-,ARMAZEM PADRAO
5051400600,MP,MP03,PONTE DE COBRE FASE A TERMINAIS DE LATAO TRANSF. BLINDADO CONEC. 2PIN 20A 240V PTH (5051400600),UN,10102,1,"9.515,00",-,"9.515,00","73.982,93",-,ARMAZEM PADRAO
5051400610,MP,MP03,PONTE DE COBRE FASE B TERMINAIS DE LATAO TRANSF. BLINDADO CONEC. 2PIN 20A 240V PTH (5051400610),UN,10102,1,"10.986,00",-,"10.986,00","84.212,08",-,ARMAZEM PADRAO
5051400720,MP,MP06,SCJ. PONTES DE COBRE FASES A B C TERMINAIS DE LATAO TRANSF. CORRENTE 7PIN 20A 240V PTH (5051400720),UN,10102,1,103,-,103,"3.039,61",-,ARMAZEM PADRAO
5051600460,MP,MP08,RELE ELETROMECANICO TRIFASICO COM TC ACOPLADO EM CADA FASE 12V 250V 120A PTH (5051600460),UN,10102,1,"23.760,00",-,"23.760,00","1.201.785,55",-,ARMAZEM PADRAO
5051600600,MP,MP07,RELE ELETROMECANICO TRIFASICO C/BLINDAGEM ANTIMAGNETICA E TC ACOPLADO 12V 250V 120A PTH (5051600600),UN,10102,1,"1.133,00",-,"1.133,00","74.690,76",-,ARMAZEM PADRAO
5111200856,MP,MP07,"GAB. METALICO PANTHEON S/TELHADO EM ACO CARB. GALVANIZADO 1,2MM RAL 7035 (2000H) (5111200856)",UN,10102,1,"1.351,00",-,"1.351,00","406.932,68",-,ARMAZEM PADRAO
5130006740,MP,MP08,"BASE CHAVE FUSIVEL MODELO C 15,5KV (RELIGADOR)",UN,10102,1,928,-,928,"556.800,00",-,ARMAZEM PADRAO
5130006750,MP,MP08,KIT DE BATERIA EXTERNA - RELIGADOR MONOFASICO - HXD820,UN,10102,1,308,-,308,"14.729,48",-,ARMAZEM PADRAO
5130006750,MP,MP08,KIT DE BATERIA EXTERNA - RELIGADOR MONOFASICO - HXD820,UN,10102,70,5,10,-5,"239,12","478,24",PRODUCAO
5130006820,MP,MP08,BASE CHAVE FUSIVEL MODELO C 29KV (RELIGADOR),UN,10102,1,937,-,937,"377.668,44",-,ARMAZEM PADRAO
5134001820,MP,MP08,TRANSCEIVER DE COMUNICACAO PARA RELIGADOR MODELO (HXD820),UN,10102,1,66,-,66,"7.450,67",-,ARMAZEM PADRAO
5134001820,MP,MP08,TRANSCEIVER DE COMUNICACAO PARA RELIGADOR MODELO (HXD820),UN,10102,72,248,-,248,"27.996,47",-,INSPECAO QUALIDADE
5210101360,MP,MP07,TUBO (CARCACA) DE FERRO FUNDIDO COM PINTURA ELETROSTATICA PARA HID. INDUSTRIAL DN50 (5210101360),UN,10102,1,922,-,922,"560.764,73",-,ARMAZEM PADRAO
5210101380,MP,MP03,"TUBO (CARCACA) DE FE. FUNDIDO NAO DUCTIL, FLANGEADO, COM PINT. EPOXI AZUL PARA HID. INDUSTRIAL DN80 - 300MM",UN,10102,1,135,-,135,"144.856,44",-,ARMAZEM PADRAO
5210101400,MP,MP03,TUBETE DE FE FUNDIDO PARA HIDROMETRO INDUSTRIAL DN100 (5210101400),UN,10102,1,21,-,21,"32.781,65",-,ARMAZEM PADRAO
5210200510,MP,MP07,"TUBO (CARCACA) DE FE. FUNDIDO NAO DUCTIL, FLANGEADO, COM PINT. EPOXI AZUL COMP. 200MM PARA HID. INDUSTRIAL DN50",UN,10102,1,560,-,560,"472.436,33",-,ARMAZEM PADRAO
5210200530,MP,MP07,"TUBO (CARCACA) DE FE. FUNDIDO NAO DUCTIL, FLANGEADO, COM PINT. EPOXI AZUL PARA HID. INDUSTRIAL DN100",UN,10102,1,243,-,243,"374.026,57",-,ARMAZEM PADRAO
523000841001,MP,MP04,PLACA ELETRONICA DE POTENCIA E CONTROLE PARA MONTAGEM DE INVERSORES (523000841001),UN,10102,8,200,-,200,"27.952,28",-,LIVOLTEK - WARRANTY
523400437003,MP,MP08,PCBA INVERSOR GT3-36-60KW 6 CANAIS DE ENTRADA,UN,10102,8,141,-,141,"37.447,61",-,LIVOLTEK - WARRANTY
523400441003,MP,MP08,PCBA INVERSOR GT3-36-60KW 8 CANAIS DE ENTRADA,UN,10102,8,456,-,456,"146.746,91",-,LIVOLTEK - WARRANTY
523400442003,MP,MP08,PCBA INVERSOR GT3-36-60KW 10 CANAIS DE ENTRADA,UN,10102,8,208,-,208,"78.772,68",-,LIVOLTEK - WARRANTY
523400450004,MP,MP08,PCBA INVERSOR GT3-36-60KW 4 CANAIS DE ENTRADA,UN,10102,8,207,-,207,"43.340,00",-,LIVOLTEK - WARRANTY
525030042001,MP,MP07,GABINETE CARREGADOR VEICULAR (525030042001).,UN,10102,1,1,-,1,"3.140,35",-,ARMAZEM PADRAO
5634C30101,MP,MP08,"HID. ULTRASSONICO (CONT. LIQ) RES., LATAO, DN20-190 MM, Q3= 4 M³/H, R500, PULSO, SABESP (ZLW20-4).",UN,10102,1,"3.000,00",-,"3.000,00","684.000,00",-,ARMAZEM PADRAO
565GBD1102,MP,MP08,HID. ULTRASSONICO (CONT.LIQ) IND.; ACO; DN300-500 MM; Q3=1000 M³/H; R400; PN16; PULSO; MODBUS (ZLW300-1000).,UN,10102,1,20,-,20,"205.161,50",-,ARMAZEM PADRAO
5901017704,MP,MP08,FERRAMENTA MANUAL DO TIPO GRAMPO SARGENTO (BAT-TOOL - FERRAMENTA DE SUBSTITUICAO DE KIT DE BATERIA (RELIGADOR) - HXD820),UN,10102,1,311,-,311,"68.214,55",-,ARMAZEM PADRAO
6001016490,RV,RV01,"MODULO DE ACUMULADORES ELETRICOS LEOCH 7,2KWH 48V 150AH",UN,10102,7,100,-,100,"480.181,00",-,LIVOLTEK - VENDAS
61050.R120,MP,MP07,RELIGADOR AUTOMATICO MONOFASICO AUTOALIMENTADO COM INTERRUPCAO A VACUO HXD820-15.5/100A-6.3KA,UN,10102,1,195,-,195,"875.179,50",-,ARMAZEM PADRAO
61050.R120,MP,MP07,RELIGADOR AUTOMATICO MONOFASICO AUTOALIMENTADO COM INTERRUPCAO A VACUO HXD820-15.5/100A-6.3KA,UN,10102,36,6,-,6,"26.928,60",-,P&D
61615.R120,MP,MP07,RELIGADOR AUTOMATICO MONOFASICO AUTOALIMENTADO COM INTERRUPCAO A VACUO (HXD820-29/100A-6.3KA),UN,10102,1,196,-,196,"824.732,68",-,ARMAZEM PADRAO
61615.R120,MP,MP07,RELIGADOR AUTOMATICO MONOFASICO AUTOALIMENTADO COM INTERRUPCAO A VACUO (HXD820-29/100A-6.3KA),UN,10102,36,112,-,112,"471.275,83",-,P&D
61615.R120,MP,MP07,RELIGADOR AUTOMATICO MONOFASICO AUTOALIMENTADO COM INTERRUPCAO A VACUO (HXD820-29/100A-6.3KA),UN,10102,70,5,10,-5,"20.863,94","41.727,88",PRODUCAO
61617,MP,MP08,GATEWAY DE COMUN. P/ SUPERVISORIO ALIMENTADO POR TRANSFORMADOR DE P.127/220VAC P/ RELIGADOR (HXD822),UN,10102,1,29,-,29,"117.440,76",-,ARMAZEM PADRAO
7029901620,MP,MP09,ETIQUETA ADESIVA DE PAPEL IMPRESSA (TX610),UN,10102,8,1,-,1,"5.924,74",-,LIVOLTEK - WARRANTY
8010300780,MP,MP07,"CABO SOLAR 1,8 KV CC VERMELHO",UN,10102,7,"1.520,00",-,"1.520,00","3.930,72",-,LIVOLTEK - VENDAS
8010300780,MP,MP07,"CABO SOLAR 1,8 KV CC VERMELHO",UN,10102,24,200,-,200,"517,22",-,ESTOQUE EM TRANSITO
8010400610,MP,MP08,BORNE PUSH IN 3P 6MM PARA TRILHO DIN 1000V 41A,UN,10102,7,816,-,816,"2.422,54",-,LIVOLTEK - VENDAS
8010400620,MP,MP08,BORNE DUPLO 2 CONEXOES 6MM² PARA TRILHO DIN 1000V 41A,UN,10102,7,880,-,880,"1.380,54",-,LIVOLTEK - VENDAS
8010400640,MP,MP03,GRAMPO DE COBRE PARA HASTE DE ATERRAMENTO 5/8,UN,10102,7,224,-,224,"935,22",-,LIVOLTEK - VENDAS
8010400650,MP,MP07,CONECTOR TERMINAL OLHAL 16MM² 750V,UN,10102,7,753,-,753,"640,95",-,LIVOLTEK - VENDAS
8010400660,MP,MP07,CONECTOR TERMINAL COMPRESSAO 16MM² TIPO PINO CHATO 750V,UN,10102,7,888,-,888,"938,7",-,LIVOLTEK - VENDAS
8010500480,MP,MP03,CHAPA DE ACO METALICA DE 1.6M²,UN,10102,7,397,-,397,"22.335,66",-,LIVOLTEK - VENDAS
8010500480,MP,MP03,CHAPA DE ACO METALICA DE 1.6M²,UN,10102,8,2,-,2,"103,68",-,LIVOLTEK - WARRANTY
8010500490,MP,MP03,PARAFUSO AUTOPERFURANTE M6*20MM SEXTAVADO GALVANIZACAO ZINCADO ROSCA COMPLETA,UN,10102,7,"4.100,00",-,"4.100,00","1.142,26",-,LIVOLTEK - VENDAS
8040101110,RV,RV01,MODULO FOTOVOLTAICO 700WP BIFACIAL HJT RISEN (RSM132-8-700BHDG),UN,10102,7,"1.759,00",-,"1.759,00","779.550,45",-,LIVOLTEK - VENDAS
8040101110,RV,RV01,MODULO FOTOVOLTAICO 700WP BIFACIAL HJT RISEN (RSM132-8-700BHDG),UN,10102,12,6,-,6,"2.689,49",-,SOLAR DISAPPROVAL
8040101110,RV,RV01,MODULO FOTOVOLTAICO 700WP BIFACIAL HJT RISEN (RSM132-8-700BHDG),UN,10102,16,5,-,5,"2.241,25",-,SOLAR SCRAPPED
8990011950,MP,MP07,INTERRUPTOR SECCIONADOR PARA MANOBRA DE CIRCUITOS ATE 1000 V EM SISTEMAS DE DISTRIBUICAO,UN,10102,7,1,-,1,"4.420,05",-,LIVOLTEK - VENDAS
8990020470,MP,MP08,CONTATOR ELETRICO PARA COMANDO DE CIRCUITOS E CONTROLE DE GERADORES ATE 1000 V,UN,10102,7,1,-,1,"8.541,64",-,LIVOLTEK - VENDAS
8990025110,MP,MP08,"TRANSFORMADOR DE CORRENTE 1000/5 A CLASSE 0,2S 5 VA",UN,10102,7,12,-,12,"2.982,16",-,LIVOLTEK - VENDAS
9120258608,MP,MP03,"CHAPA DE ACO 1,6 MM² 60CM X 60CM",UN,10102,7,89,-,89,"21.066,25",-,LIVOLTEK - VENDAS
9120265127,MP,MP03,"PORCA INOX SEXTAVADA CHAVE 14, 3/8 - M14",UN,10102,7,"1.495,00",-,"1.495,00","2.108,25",-,LIVOLTEK - VENDAS
9120280007,MP,MP03,SUPORTE PARA POSTE DUPLO T 140X75,UN,10102,1,"1.273,00",-,"1.273,00","144.892,99",-,ARMAZEM PADRAO
9120280008,MP,MP03,SUPORTE PARA POSTE DUPLO T 150X85,UN,10102,1,"1.265,00",-,"1.265,00","147.208,94",-,ARMAZEM PADRAO
9120280009,MP,MP03,SUPORTE PARA POSTE DUPLO T 185X95,UN,10102,1,"1.466,00",-,"1.466,00","166.721,44",-,ARMAZEM PADRAO
9120280010,MP,MP03,SUPORTE PARA POSTE DUPLO T 195X100,UN,10102,1,"1.681,00",-,"1.681,00","214.163,94",-,ARMAZEM PADRAO
9120292203,MP,MP03,ABRACADEIRA GALVANZIADA PARA 1 POLEGADA COM CUNHA,UN,10102,7,160,-,160,"118,54",-,LIVOLTEK - VENDAS
9120292408,MP,MP03,ARRUELA INOX LISA M14,UN,10102,7,145,-,145,"26,17",-,LIVOLTEK - VENDAS
9120292409,MP,MP03,ARRUELA INOX DE PRESSAO M14,UN,10102,7,545,-,545,"84,91",-,LIVOLTEK - VENDAS
9120454600,MP,MP04,LACRE DE SEGURANCA TRANK 4 (SEM PAV) - ELETRA,UN,10102,7,110,-,110,"43,87",-,LIVOLTEK - VENDAS
9120470801,MP,MP04,PROTETOR DE ROSCA PARA HIDROMETRO RESIDENCIAL DN15,UN,10102,1,"319.500,00",-,"319.500,00","27.828,45",-,ARMAZEM PADRAO
9120470802,MP,MP04,PROTETOR DE ROSCA PARA HIDROMETRO RESIDENCIAL DN20,UN,10102,1,"281.500,00",-,"281.500,00","26.658,05",-,ARMAZEM PADRAO
91204S0204,PI,PI04,TAMPA PRINCIPAL (HXCB10S - 2/2) - STRING BOX,UN,10102,8,576,-,576,"5.028,48",-,LIVOLTEK - WARRANTY
9120590570,MP,MP03,TORRE METALICA PARA 2 MODULOS FV (SIGFI),UN,10102,7,94,-,94,"174.399,39",-,LIVOLTEK - VENDAS
9120590571,MP,MP03,TORRE METALICA PARA 3 MODULOS FV (SIGFI),UN,10102,7,5,-,5,"9.514,85",-,LIVOLTEK - VENDAS
9120590572,MP,MP03,TORRE METALICA PARA 4 MODULOS FV (SIGFI),UN,10102,7,15,-,15,"29.610,30",-,LIVOLTEK - VENDAS
9120590572,MP,MP03,TORRE METALICA PARA 4 MODULOS FV (SIGFI),UN,10102,12,2,-,2,"3.948,04",-,SOLAR DISAPPROVAL
9120691416,MP,MP07,PROTETOR DE SURTO CLASSE II S/ SINALIZACAO REMOTA275VCA IN=20KA IMAX=45KA,UN,10102,7,200,-,200,"5.770,24",-,LIVOLTEK - VENDAS
9120692066,RV,RV01,INVERSOR ON-GRID LIVOLTEK GT1-3K6D1,UN,10102,7,12,-,12,"23.862,61",-,LIVOLTEK - VENDAS
9120697905,MP,MP08,BATERIA DE CHUMBO-ACIDO 12V/12AH PARA ODIN-F40,UN,10102,36,2,-,2,"635,07",-,P&D
9120697906,MP,MP08,BATERIA DE CHUMBO-ACIDO 12V/18AH PARA ODIN-F40,UN,10102,36,2,-,2,"998,07",-,P&D
9121166303,MP,MP03,PARAFUSO CABECA SEXTAVADA EM ACO INOX M13*30MM,UN,10102,7,290,-,290,"411,63",-,LIVOLTEK - VENDAS
9121182040,MP,MP03,"PARAFUSO CAB.CHATA PHS 4,8X50MM D8",UN,10102,7,741,-,741,"205,18",-,LIVOLTEK - VENDAS
9121183801,MP,MP03,PARAFUSO AUTOBROCANTE M6 X 20MM,UN,10102,7,296,-,296,"65,5",-,LIVOLTEK - VENDAS
9121260605,MP,MP03,"TERMINAL TUBULAR ILHOS PRE ISOLADO 2,5MM",UN,10102,7,"1.132,00",-,"1.132,00","162,89",-,LIVOLTEK - VENDAS
9121260607,MP,MP03,TERM.ILHOS TUB.CZ 692815 4MM,UN,10102,7,134,-,134,"16,96",-,LIVOLTEK - VENDAS
9121260612,MP,MP03,TERMINAL TUBULAR ILHOS DUPLO PRE-ISOLADO 6MM,UN,10102,7,"1.907,00",-,"1.907,00","990,31",-,LIVOLTEK - VENDAS
9121260614,MP,MP03,TERMINAL OLHAL PRE ISOLADO PARA CABO 4-6MM²,UN,10102,7,92,-,92,"40,08",-,LIVOLTEK - VENDAS
9121290210,MP,MP03,"ESTRUTURA METALICA PARA TELHADO CERAMICO - PERFIL 2,40",UN,10102,7,465,-,465,"131.121,49",-,LIVOLTEK - VENDAS
9121290236,MP,MP08,CONJUNTO SOB. 1 TOM. 2P+T BC JERI PLUS 10A,UN,10102,7,213,-,213,"1.053,26",-,LIVOLTEK - VENDAS
9121290241,MP,MP07,INTERRUPTOR PARA ILUMINACAO RESIDENCIAL DE 1 TECLA SOBREPOR,UN,10102,7,45,-,45,"248,66",-,LIVOLTEK - VENDAS
9121290280,MP,MP07,BUCHA NYLON BRANCA DT-8 8MM,UN,10102,7,"4.226,00",-,"4.226,00","384,57",-,LIVOLTEK - VENDAS
9121290310,MP,MP07,CAIXA PRFV SIGFI-80,UN,10102,7,64,-,64,"64.817,28",-,LIVOLTEK - VENDAS
9121290310,MP,MP07,CAIXA PRFV SIGFI-80,UN,10102,8,2,-,2,"2.025,54",-,LIVOLTEK - WARRANTY
9121500036,RV,RV01,"COLUNA DE FIXACAO, DE ACO, PARA MONTAGEM DE ESTRUTURA FIXA DE CARREGADOR VEICULAR",UN,10102,7,17,-,17,"4.163,99",-,LIVOLTEK - VENDAS
9121500036,RV,RV01,"COLUNA DE FIXACAO, DE ACO, PARA MONTAGEM DE ESTRUTURA FIXA DE CARREGADOR VEICULAR",UN,10102,12,12,-,12,"2.939,29",-,SOLAR DISAPPROVAL
9121500086,RV,RV01,TAMPA METALICA PARA INVERSOR HYPER-5000 (AC1-AIOR11001),UN,10102,8,1,-,1,253,-,LIVOLTEK - WARRANTY
9122001687,MC,FE01,TERMINAL ELETRICO DO TIPO OLHAL DE COMPRESSAO PARA CABO 35MM² COM FURO 8MM,UN,10102,7,50,-,50,"90,75",-,LIVOLTEK - VENDAS
9122001898,MC,PV01,INVERSOR ON-GRID LIVOLTEK GT3-20K-D,UN,10102,8,3,-,3,"9.450,15",-,LIVOLTEK - WARRANTY
9122100023,AI,IM01,EMPILHADEIRA.,UN,10102,7,1,-,1,"165.595,00",-,LIVOLTEK - VENDAS
9140290938,PI,MP07,"GAB. METALICO PANTHEON ACO CARB. GALV. 1,2MM RAL 7035 (2000H) (RETRABALHADO)",UN,10102,1,309,-,309,"28.138,25",-,ARMAZEM PADRAO
9140291601,MP,MP07,GAB. METALICO PANTHEON EM ACO CARB. GALVANIZADO (2000H) PINTURA RAL 7035 (TAMPA C/ FURO) (V2) (NACIONAL),UN,10102,1,497,-,497,"270.069,55",-,ARMAZEM PADRAO
9140294800,MP,MP06,SCJ. GABINETE E ACESSORIOS BALANCE METER,UN,10102,1,"1.539,00",-,"1.539,00","238.543,31",-,ARMAZEM PADRAO
9156320001,PA,PA32,HID. ULTRASSONICO RES.; LATAO; DN20-190 MM; Q3=4 M³/H; R500; PULSO (ZLW20-4),UN,10102,1,"12.000,00",-,"12.000,00","2.876.694,00",-,ARMAZEM PADRAO
9156320001,PA,PA32,HID. ULTRASSONICO RES.; LATAO; DN20-190 MM; Q3=4 M³/H; R500; PULSO (ZLW20-4),UN,10102,70,"5.993,00",-,"5.993,00","1.384.246,96",-,PRODUCAO
9158310104,PA,PA18,KIT CHAVE DE INTERRUPCAO SOB CARGA - LBS - HXD811-F30 15.5KV,UN,10102,36,2,-,2,"42.053,26",-,P&D
9159316000,PA,PA55,INVERSOR ON-GRID MONOFASICO 6KW 220V GT1-6K SENERGY,UN,10102,12,1,-,1,"2.733,59",-,SOLAR DISAPPROVAL
9159316000,PA,PA55,INVERSOR ON-GRID MONOFASICO 6KW 220V GT1-6K SENERGY,UN,10102,60,6,-,6,"19.766,64",-,SAC
9159318001,PA,PA55,INVERSOR ON-GRID MONOFASICO 8KW 220V GT1-8K SENERGY,UN,10102,8,1,-,1,"3.383,78",-,LIVOLTEK - WARRANTY
9159318001,PA,PA55,INVERSOR ON-GRID MONOFASICO 8KW 220V GT1-8K SENERGY,UN,10102,60,1,-,1,"3.383,78",-,SAC
9191237500,EM,EM02,CAIXA MASTER PAPELAO KRAFT MEDIDORES MONO 3 FIOS E POLIFASICO COM CAIXA INDIVIDUAL - ELETRA,UN,10102,1,296,-,296,"606,8",-,ARMAZEM PADRAO
9191256801,EM,EM01,BASE PARA PALLET ESCRAVO 1000X1200 OTIMIZADO.,UN,10102,70,102,1,101,"4.675,57","45,84",PRODUCAO
9191257809,EM,EM02,CAIXA DE PAPELAO COLETIVA COM CAIXA INDIVIDUAL - MEDIDORES ARES 7023 (HIGH END POLI),UN,10102,1,150,-,150,"267,93",-,ARMAZEM PADRAO
9191257901,EM,EM02,CAIXA MASTER DE PAPELAO COM CALCOS LATERAIS - CONCENTRADOR SECUNDARIO - PANTHEON,UN,10102,1,550,-,550,"63,97",-,ARMAZEM PADRAO
9191257907,EM,EM02,CAIXA MASTER DE PAPELAO MONTAGEM HORIZONTAL - CONCENTRADOR SECUNDARIO - PANTHEON - SEM CALCO,UN,10102,1,60,-,60,"862,39",-,ARMAZEM PADRAO
9191267104,EM,EM07,DIVISORIAS DE PAPELAO DA CAIXA COLETIVA (TAMANHO M) - DVM- C (165 X 590 - 04 CORTES),UN,10102,1,839,-,839,"8,81",-,ARMAZEM PADRAO
9191267400,EM,EM07,DIVISORIAS DE PAPELAO DA CAIXA COLETIVA (TAMANHO P) - DVM - A - RECICLADO,UN,10102,1,"7.122,00",-,"7.122,00","1.844,60",-,ARMAZEM PADRAO
9191267401,EM,EM07,DIVISORIAS DE PAPELAO DA CAIXA COLETIVA (TAMANHO P) - DVM - B ( 04 CORTES) - RECICLADO,UN,10102,1,"2.500,00",-,"2.500,00","647,5",-,ARMAZEM PADRAO
9191267506,EM,EM03,CAIXA INDIVIDUAL DE PAPELAO PADRAO EXPORTACAO MONOFASICO,UN,10102,1,"67.506,00",-,"67.506,00","32.342,12",-,ARMAZEM PADRAO
9191267507,EM,EM03,CAIXA DE PAPELAO INDIVIDUAL DN150,UN,10102,1,"1.776,00",-,"1.776,00","13.190,17",-,ARMAZEM PADRAO
9191267508,EM,EM03,CAIXA DE PAPELAO INDIVIDUAL DN200,UN,10102,1,"1.464,00",-,"1.464,00","14.699,44",-,ARMAZEM PADRAO
9191267601,EM,EM03,CAIXA INDIVIDUAL DE PAPELAO PARA HIDROMETROS RESIDENCIAIS (TAMANHO M),UN,10102,1,924,-,924,"813,12",-,ARMAZEM PADRAO
9191267801,EM,EM03,CAIXA INDIVIDUAL DE PAPELAO PARA HIDROMETROS INDUSTRIAIS - DN50 (FLANGE MOVEL E FIXO),UN,10102,1,"1.500,00",-,"1.500,00","4.345,20",-,ARMAZEM PADRAO
9191267802,EM,EM03,CAIXA INDIVIDUAL DE PAPELAO PARA HIDROMETROS INDUSTRIAIS - DN80 (FLANGE MOVEL),UN,10102,1,"2.500,00",-,"2.500,00","6.886,25",-,ARMAZEM PADRAO
9191267803,EM,EM03,CAIXA INDIVIDUAL DE PAPELAO PARA HIDROMETROS INDUSTRIAIS - DN80 (FLANGE FIXO),UN,10102,1,"2.000,00",-,"2.000,00","7.252,60",-,ARMAZEM PADRAO
9191268000,EM,EM02,CAIXA COLETIVA DE PAPELAO PARA MEDIDOR DE ENERGIA ELETRICA (TAMANHO P) - ELETRA,UN,10102,1,"2.177,00",-,"2.177,00","5.034,53",-,ARMAZEM PADRAO
9191268001,EM,EM02,CAIXA COLETIVA DE PAPELAO PARA MEDIDOR DE ENERGIA ELETRICA (TAMANHO M) - ELETRA,UN,10102,1,364,-,364,"1.193,67",-,ARMAZEM PADRAO
9191268004,EM,EM02,CAIXA COLETIVA DE PAPELAO (TAMANHO P) - (VERSAO 2),UN,10102,1,252,-,252,"516,6",-,ARMAZEM PADRAO
9191268101,EM,EM02,CAIXA COLETIVA DE PAPELAO PARA MEDIDOR DE ENERGIA ELETRICA (TAMANHO M) - RECICLADO,UN,10102,1,426,-,426,"1.307,86",-,ARMAZEM PADRAO
9191268102,EM,EM02,CAIXA COLETIVA DE PAPELAO PARA MEDIDOR DE ENERGIA ELETRICA (TAMANHO G) - RECICLADO,UN,10102,1,285,-,285,"69,94",-,ARMAZEM PADRAO
9191268700,EM,EM02,CAIXA COLETIVA DE PAPELAO PARA HIDROMETROS INDUSTRIAIS - DN80 (FLANGE FIXO),UN,10102,1,"1.121,00",-,"1.121,00","4.435,46",-,ARMAZEM PADRAO
9191268900,EM,EM02,CAIXA COLETIVA DE PAPELAO PARA HIDROMETROS INDUSTRIAIS - DN100 (FLANGE FIXO),UN,10102,72,800,-,800,"4.912,64",-,INSPECAO QUALIDADE
9191269000,EM,EM02,CAIXA COLETIVA DE PAPELAO PARA HIDROMETROS INDUSTRIAIS - DN50 (FLANGE MOVEL E FIXO) + CONTRA FLANGE,UN,10102,1,600,-,600,"2.949,00",-,ARMAZEM PADRAO
9191270012,EM,EM07,CALCO PARA BASE CHAVE FUSIVEL RELIGADOR 15KV,UN,10102,1,109,-,109,"254,01",-,ARMAZEM PADRAO
9191271061,RV,RV01,KIT TELHADO FIBROCIMENTO FIX MADE 200 MM 4 MODULOS STD,UN,10102,7,"2.196,00",-,"2.196,00","533.827,40",-,LIVOLTEK - VENDAS
9191271062,RV,RV01,KIT TELHADO FIBROMETAL FIX MTL 250 MM 4 MODULOS STD,UN,10102,7,416,-,416,"95.637,19",-,LIVOLTEK - VENDAS
9191271063,RV,RV01,KIT MINI TRILHO BAIXO P-1 PARA 4 MODULOS 300 MM,UN,10102,7,252,-,252,"18.685,17",-,LIVOLTEK - VENDAS
9191271064,RV,RV01,TRIANGULO RETRATO TELESCOPIO 4 MODULOS 15° A 30° LAJE,UN,10102,7,42,-,42,"25.692,48",-,LIVOLTEK - VENDAS
9191271065,RV,RV01,KIT SOLO EASY LINE 4 MODULOS - 1134X2279,UN,10102,7,799,-,799,"500.092,18",-,LIVOLTEK - VENDAS
9192219832,RV,RV01,KIT TELHADO FIBROCIMENTO P/ MADEIRA METALLIGHT 4 MODULOS STD,UN,10102,7,667,-,667,"193.212,49",-,LIVOLTEK - VENDAS
9192219833,RV,RV01,KIT TELHADO FIBROCIMENTO P/ METALICO METALLIGHT 4 MODULOS STD,UN,10102,7,440,-,440,"127.456,56",-,LIVOLTEK - VENDAS
A0070230E11R11302,RV,RV01,CARREGADOR VEICULAR| LIVOLTEK | CA 7.3KW | ATOM | 230V | 32A | CABO 5M | 1XTIPO 2 | BT | WI-FI | ETH | HARDWARE A21 | BO,UN,10102,7,213,-,213,"213.832,55",-,LIVOLTEK - VENDAS
A0070230E11R11302,RV,RV01,CARREGADOR VEICULAR| LIVOLTEK | CA 7.3KW | ATOM | 230V | 32A | CABO 5M | 1XTIPO 2 | BT | WI-FI | ETH | HARDWARE A21 | BO,UN,10102,8,7,-,7,"7.429,97",-,LIVOLTEK - WARRANTY
A0070230E11R11302,RV,RV01,CARREGADOR VEICULAR| LIVOLTEK | CA 7.3KW | ATOM | 230V | 32A | CABO 5M | 1XTIPO 2 | BT | WI-FI | ETH | HARDWARE A21 | BO,UN,10102,12,20,-,20,"49.975,49",-,SOLAR DISAPPROVAL
A0070230E11R11302,RV,RV01,CARREGADOR VEICULAR| LIVOLTEK | CA 7.3KW | ATOM | 230V | 32A | CABO 5M | 1XTIPO 2 | BT | WI-FI | ETH | HARDWARE A21 | BO,UN,10102,60,14,-,14,"41.089,13",-,SAC
A0070230E11R11305,RV,RV01,CARREGADOR VEICULAR | LIVOLTEK | CA 7.3KW | ATOM | 230V | 32A | CABO 5M | 1XTIPO 2 | BT | WI-FI (FC41D) | BOTAO DE EMERG,UN,10102,7,8,-,8,"6.920,84",-,LIVOLTEK - VENDAS
A0070230E11R11305,RV,RV01,CARREGADOR VEICULAR | LIVOLTEK | CA 7.3KW | ATOM | 230V | 32A | CABO 5M | 1XTIPO 2 | BT | WI-FI (FC41D) | BOTAO DE EMERG,UN,10102,8,1,-,1,"865,1",-,LIVOLTEK - WARRANTY
A0070230E11R11305,RV,RV01,CARREGADOR VEICULAR | LIVOLTEK | CA 7.3KW | ATOM | 230V | 32A | CABO 5M | 1XTIPO 2 | BT | WI-FI (FC41D) | BOTAO DE EMERG,UN,10102,12,1,-,1,"432,55",-,SOLAR DISAPPROVAL
A0070230E1EHR11002,RV,RV01,CARREGADOR VEICULAR | LIVOLTEK | CA 7.3KW | ACE | 230V | 32A | CABO 5M | 1XTIPO 2 | BT | WI-FI | ETH | RFID,UN,10102,12,1,-,1,"5.367,87",-,SOLAR DISAPPROVAL
A0220400E11R11002,RV,RV01,CARREGADOR VEICULAR | LIVOLTEK | CA 22KW | ATOM | 400V | 32A | CABO 5M | 1XTIPO 2 | BT | WI-FI | ETH | HARDWARE A21 | BO,UN,10102,60,1,-,1,"3.468,50",-,SAC
A0220400E11R11004,RV,RV01,CARREGADOR VEICULAR | LIVOLTEK | CA 22KW | ATOM | 400V | 32A | CABO 5M | 1XTIPO 2 | BT | WI-FI (FC41D) | BOTAO DE EMERGE,UN,10102,7,33,-,33,"40.120,24",-,LIVOLTEK - VENDAS
A0220400E11R11004,RV,RV01,CARREGADOR VEICULAR | LIVOLTEK | CA 22KW | ATOM | 400V | 32A | CABO 5M | 1XTIPO 2 | BT | WI-FI (FC41D) | BOTAO DE EMERGE,UN,10102,8,1,-,1,"1.239,75",-,LIVOLTEK - WARRANTY
A0220400E11R11004,RV,RV01,CARREGADOR VEICULAR | LIVOLTEK | CA 22KW | ATOM | 400V | 32A | CABO 5M | 1XTIPO 2 | BT | WI-FI (FC41D) | BOTAO DE EMERGE,UN,10102,12,3,-,3,"6.738,63",-,SOLAR DISAPPROVAL
A0220400E11R11004,RV,RV01,CARREGADOR VEICULAR | LIVOLTEK | CA 22KW | ATOM | 400V | 32A | CABO 5M | 1XTIPO 2 | BT | WI-FI (FC41D) | BOTAO DE EMERGE,UN,10102,60,2,-,2,"6.140,48",-,SAC
AC1-AIOR11001,RV,RV01,CAIXA DE ALUMINIO FUNDIDO PARA ALOCACAO DE BATERIAS DE LITIO PARA USO EM INVERSORES FOTOVOLTAICOS,UN,10102,7,60,-,60,"33.475,41",-,LIVOLTEK - VENDAS
AC1-AIOR11001,RV,RV01,CAIXA DE ALUMINIO FUNDIDO PARA ALOCACAO DE BATERIAS DE LITIO PARA USO EM INVERSORES FOTOVOLTAICOS,UN,10102,8,4,-,4,"2.143,83",-,LIVOLTEK - WARRANTY
AC1-ATFR11001,MP,RV01,AC1-ATFR11001,UN,10102,8,1,-,1,"1.754,49",-,LIVOLTEK - WARRANTY
AC1-LCDR11001,MP,RV01,AC1-LCDR11001,UN,10102,8,3,-,3,"579,96",-,LIVOLTEK - WARRANTY
BHF-B51100R23001,RV,RV01,"MODULO DE BATERIA 5,12 KWH MODELO BHF-B51100",UN,10102,7,10,-,10,"35.043,83",-,LIVOLTEK - VENDAS
BHF-C01YDR12001,RV,RV01,MODULO DE CONTROLE DE BATERIA BHF-B51100,UN,10102,7,2,-,2,"5.855,03",-,LIVOLTEK - VENDAS
BHF-X261DR11001,MP,MP08,MODULO BHF-X261DR11001 MODULO DE BATERIA 832V 261KWH IP55 GABINETE UNICO,UN,10102,7,1,-,1,"102.911,39",-,LIVOLTEK - VENDAS
BHF-X261DR12001,MP,MP08,MODULO BHF-X261DR12001 MODULO DE BATERIA 832V 261KWH IP55 GABINETE UNICO,UN,10102,7,15,-,15,"1.622.113,07",-,LIVOLTEK - VENDAS
BLF-B51100R11001,RV,RV01,MODULOS DE ACUMULADORES ELETRICOS (BLF-B51100R11001),UN,10102,12,5,-,5,"30.897,62",-,SOLAR DISAPPROVAL
BLF-B51100R11001,RV,RV01,MODULOS DE ACUMULADORES ELETRICOS (BLF-B51100R11001),UN,10102,60,3,-,3,"18.679,27",-,SAC
BLF-B51100R21001,RV,RV01,MODULO DE ACUMULADORES ELETRICOS 100AH (BLF-B51100R21001),UN,10102,7,71,-,71,"286.590,08",-,LIVOLTEK - VENDAS
BLF-B51100R22001,RV,RV01,"BATERIA DE LITIO 51,2V 100AH 5,12KWH BLF-B51100R22001",UN,10102,7,35,-,35,"118.020,56",-,LIVOLTEK - VENDAS
BLF-B51150R11001,RV,RV01,"MODULOS DE ACUMULADORES ELETRICOS DE IONS DE LITIO(BATERIA DE LITIO 51,2V 150AH 7.68KWH BLF- B1150)",UN,10102,7,"2.282,00",1,"2.281,00","12.724.989,49","5.576,24",LIVOLTEK - VENDAS
BLF-B51150R11001,RV,RV01,"MODULOS DE ACUMULADORES ELETRICOS DE IONS DE LITIO(BATERIA DE LITIO 51,2V 150AH 7.68KWH BLF- B1150)",UN,10102,8,2,-,2,"12.157,52",-,LIVOLTEK - WARRANTY
BLF-B51150R11001,RV,RV01,"MODULOS DE ACUMULADORES ELETRICOS DE IONS DE LITIO(BATERIA DE LITIO 51,2V 150AH 7.68KWH BLF- B1150)",UN,10102,12,12,-,12,"75.461,81",-,SOLAR DISAPPROVAL
BLF-B51150R11001,RV,RV01,"MODULOS DE ACUMULADORES ELETRICOS DE IONS DE LITIO(BATERIA DE LITIO 51,2V 150AH 7.68KWH BLF- B1150)",UN,10102,60,3,-,3,"23.913,37",-,SAC
BLF51-5R31001,RV,MP07,BATERIA RECARREGAVEL DE ION DE LITIO (BLF51-5R31001),UN,10102,7,42,-,42,"160.879,11",-,LIVOLTEK - VENDAS
BLF51-5R31001,RV,MP07,BATERIA RECARREGAVEL DE ION DE LITIO (BLF51-5R31001),UN,10102,8,2,-,2,"10.262,38",-,LIVOLTEK - WARRANTY
BLF51-5R31001,RV,MP07,BATERIA RECARREGAVEL DE ION DE LITIO (BLF51-5R31001),UN,10102,12,3,-,3,"15.115,05",-,SOLAR DISAPPROVAL
BLF51-5R31001,RV,MP07,BATERIA RECARREGAVEL DE ION DE LITIO (BLF51-5R31001),UN,10102,60,2,-,2,"11.284,59",-,SAC
BV1-1K548L1,RV,RV01,INVERSOR OFF-GRID LIVOLTEK BV1-1K548L1,UN,10102,8,2,-,2,"5.927,78",-,LIVOLTEK - WARRANTY
BV1-1K548L1,RV,RV01,INVERSOR OFF-GRID LIVOLTEK BV1-1K548L1,UN,10102,12,1,-,1,"2.963,89",-,SOLAR DISAPPROVAL
C04010E2EAFER11003,RV,RV01,CARREGADOR VEICULAR | LIVOLTEK | CC 40KW | MC | 133A | 2XCCS2 | WALL-MOUNT | 4G (LATAM) | PPOS,UN,10102,7,20,-,20,"475.496,41",-,LIVOLTEK - VENDAS
CS00000082,MC,CS03,GAS GLP ENVAZADO 20KG,UN,10102,7,8,-,8,"1.718,16",-,LIVOLTEK - VENDAS
D0300380E1EYW11001,RV,RV01,"D0301000E21 - CARREGADOR VEICULAR CC, POTENCIA NOMINAL DE 30KW, DIMENSOES 450 * 145 * 680 MM",UN,10102,7,9,-,9,"77.462,30",-,LIVOLTEK - VENDAS
D0300380E1EYW11001,RV,RV01,"D0301000E21 - CARREGADOR VEICULAR CC, POTENCIA NOMINAL DE 30KW, DIMENSOES 450 * 145 * 680 MM",UN,10102,12,1,-,1,"17.280,91",-,SOLAR DISAPPROVAL
D0300380E1EYW11001,RV,RV01,"D0301000E21 - CARREGADOR VEICULAR CC, POTENCIA NOMINAL DE 30KW, DIMENSOES 450 * 145 * 680 MM",UN,10102,16,1,-,1,"17.280,90",-,SOLAR SCRAPPED
DTSU2591R11001,MP,MP07,MEDIDOR DE ENERGIA DIGITAL TRIFASICO SMART METER PARA CORRENTE ALTERNADA,UN,10102,7,16,-,16,"1.560,05",-,LIVOLTEK - VENDAS
GF1-3K24S1R11001,MP,AN01,CAIXA DE ALUMINIO DE INVERSOR FOTOVOLTAICO MODELO GF1-3K,UN,10102,8,4,-,4,"13.326,76",-,LIVOLTEK - WARRANTY
GF1-3K48L1R11003,RV,RV01,INVERSOR FOTOVOLTAICO MODELO GF1-3K48L1,UN,10102,12,10,1,9,"20.789,59","2.078,96",SOLAR DISAPPROVAL
GF1-3K48L1R11003,RV,RV01,INVERSOR FOTOVOLTAICO MODELO GF1-3K48L1,UN,10102,16,3,-,3,"2.313,36",-,SOLAR SCRAPPED
GF1-3K48L1R11003,RV,RV01,INVERSOR FOTOVOLTAICO MODELO GF1-3K48L1,UN,10102,60,6,-,6,"26.197,68",-,SAC
GF1-5K48S1R11003,RV,RV01,INVERSOR FOTOVOLTAICO MODELO GF1-5K48S1,UN,10102,12,3,-,3,"6.707,77",-,SOLAR DISAPPROVAL
GF1-5K48S1R11003,RV,RV01,INVERSOR FOTOVOLTAICO MODELO GF1-5K48S1,UN,10102,16,6,-,6,"13.777,38",-,SOLAR SCRAPPED
GF1-5K48S1R11003,RV,RV01,INVERSOR FOTOVOLTAICO MODELO GF1-5K48S1,UN,10102,60,8,-,8,"22.169,72",-,SAC
GT1-10K-D,RV,RV01,"INVERSOR FOTOVOLTAICO MARCA LIVOLTEK, MODELO GT1-10K-D, MONOFASICO",UN,10102,12,1,-,1,"3.712,81",-,SOLAR DISAPPROVAL
GT1-10K-D,RV,RV01,"INVERSOR FOTOVOLTAICO MARCA LIVOLTEK, MODELO GT1-10K-D, MONOFASICO",UN,10102,16,1,-,1,"3.573,36",-,SOLAR SCRAPPED
GT1-10K-D,RV,RV01,"INVERSOR FOTOVOLTAICO MARCA LIVOLTEK, MODELO GT1-10K-D, MONOFASICO",UN,10102,60,2,-,2,"7.222,85",-,SAC
GT1-10K-DW00101,MP,RV01,"INVERSOR FOTOVOLTAICO MARCA LIVOLTEK, MODELO GT1-10K-D, MONOFASICO",UN,10102,8,3,-,3,"2.121,94",-,LIVOLTEK - WARRANTY
GT1-10K-DW00101,MP,RV01,"INVERSOR FOTOVOLTAICO MARCA LIVOLTEK, MODELO GT1-10K-D, MONOFASICO",UN,10102,12,124,-,124,"399.455,75",-,SOLAR DISAPPROVAL
GT1-10K-DW00101,MP,RV01,"INVERSOR FOTOVOLTAICO MARCA LIVOLTEK, MODELO GT1-10K-D, MONOFASICO",UN,10102,16,31,-,31,"88.457,48",-,SOLAR SCRAPPED
GT1-10K-DW00101,MP,RV01,"INVERSOR FOTOVOLTAICO MARCA LIVOLTEK, MODELO GT1-10K-D, MONOFASICO",UN,10102,60,164,-,164,"591.785,91",-,SAC
GT1-10KT1R11101,RV,RV01,"INVERSORES PARA SISTEMAS FOTOVOLTAICOS STRING, PARA REDE MONOFASICA, COM POTENCIA NOMINAL DE SAIDA DE 10.000W A 40 GRAUS",UN,10102,8,1,-,1,"1.253,04",-,LIVOLTEK - WARRANTY
GT1-10KT1R11101,RV,RV01,"INVERSORES PARA SISTEMAS FOTOVOLTAICOS STRING, PARA REDE MONOFASICA, COM POTENCIA NOMINAL DE SAIDA DE 10.000W A 40 GRAUS",UN,10102,60,1,-,1,"1.678,42",-,SAC
GT1-10KT2R11004,RV,RV01,INVERSORES PARA SISTEMAS FOTOVOLTAICOS ON-GRID GT1 -10KT2R11004,UN,10102,7,185,2,183,"188.090,41","2.033,41",LIVOLTEK - VENDAS
GT1-10KT2R11004,RV,RV01,INVERSORES PARA SISTEMAS FOTOVOLTAICOS ON-GRID GT1 -10KT2R11004,UN,10102,12,32,-,32,"89.654,27",-,SOLAR DISAPPROVAL
GT1-10KT2R11004,RV,RV01,INVERSORES PARA SISTEMAS FOTOVOLTAICOS ON-GRID GT1 -10KT2R11004,UN,10102,16,3,-,3,"8.405,09",-,SOLAR SCRAPPED
GT1-10KT2R11004,RV,RV01,INVERSORES PARA SISTEMAS FOTOVOLTAICOS ON-GRID GT1 -10KT2R11004,UN,10102,60,8,-,8,"67.938,40",-,SAC
GT1-2K2S1R11001,RV,RV01,INVERSOR ON-GRID LIVOLTEK GT1-2K2S1,UN,10102,8,2,-,2,"2.638,99",-,LIVOLTEK - WARRANTY
GT1-2K2S1R11001,RV,RV01,INVERSOR ON-GRID LIVOLTEK GT1-2K2S1,UN,10102,12,4,-,4,"5.500,99",-,SOLAR DISAPPROVAL
GT1-2K2S1R11001,RV,RV01,INVERSOR ON-GRID LIVOLTEK GT1-2K2S1,UN,10102,16,3,-,3,"4.009,83",-,SOLAR SCRAPPED
GT1-2K2S1R11001,RV,RV01,INVERSOR ON-GRID LIVOLTEK GT1-2K2S1,UN,10102,60,3,-,3,"4.161,53",-,SAC
GT1-3K-S,RV,RV01,"""INVERSOR FOTOVOLTAICO, MODELO GT1-3K-S, MONOFASICO """"ON-GRID"""", POTENCIA 3.000 W, 230 V, 50/60 HZ""",UN,10102,12,12,-,12,"20.239,66",-,SOLAR DISAPPROVAL
GT1-3K-S,RV,RV01,"""INVERSOR FOTOVOLTAICO, MODELO GT1-3K-S, MONOFASICO """"ON-GRID"""", POTENCIA 3.000 W, 230 V, 50/60 HZ""",UN,10102,16,28,-,28,"42.363,40",-,SOLAR SCRAPPED
GT1-3K-S,RV,RV01,"""INVERSOR FOTOVOLTAICO, MODELO GT1-3K-S, MONOFASICO """"ON-GRID"""", POTENCIA 3.000 W, 230 V, 50/60 HZ""",UN,10102,60,12,-,12,"20.175,49",-,SAC
GT1-3K-SSW00101,RV,RV01,"INVERSOR FOTOVOLTAICO MARCA LIVOLTEK, MODELO GT1-3K-SS, MONOFASICO GT1-3K-SSW00101",UN,10102,12,6,-,6,"10.280,81",-,SOLAR DISAPPROVAL
GT1-3K-SSW00101,RV,RV01,"INVERSOR FOTOVOLTAICO MARCA LIVOLTEK, MODELO GT1-3K-SS, MONOFASICO GT1-3K-SSW00101",UN,10102,16,12,-,12,"19.402,56",-,SOLAR SCRAPPED
GT1-3K-SSW00101,RV,RV01,"INVERSOR FOTOVOLTAICO MARCA LIVOLTEK, MODELO GT1-3K-SS, MONOFASICO GT1-3K-SSW00101",UN,10102,60,3,-,3,"5.190,64",-,SAC
GT1-3K3S1,RV,RV01,INVERSOR FOTOVOLTAICO MODELO GT1-3K3S1,UN,10102,8,23,-,23,"39.811,96",-,LIVOLTEK - WARRANTY
GT1-3K3S1R11001,RV,RV01,INVERSOR FOTOVOLTAICO MODELO GT1-3K3S1,UN,10102,12,176,-,176,"228.993,99",-,SOLAR DISAPPROVAL
GT1-3K3S1R11001,RV,RV01,INVERSOR FOTOVOLTAICO MODELO GT1-3K3S1,UN,10102,16,20,-,20,"24.873,56",-,SOLAR SCRAPPED
GT1-3K3S1R11001,RV,RV01,INVERSOR FOTOVOLTAICO MODELO GT1-3K3S1,UN,10102,60,46,-,46,"74.177,08",-,SAC
GT1-3K6D1R11001,MP,MP07,INVERSOR ON-GRID LIVOLTEK GT1-3K6D1,UN,10102,16,1,-,1,"1.732,34",-,SOLAR SCRAPPED
GT1-3K6D1R11001,MP,MP07,INVERSOR ON-GRID LIVOLTEK GT1-3K6D1,UN,10102,60,2,-,2,"3.464,68",-,SAC
GT1-5K-D,RV,RV01,"INVERSOR ON-GRID MONOFASICO 2MPPT, 220V, COR BRANCO, LIVOLTEK, MODELO GT1-5K-D",UN,10102,12,18,-,18,"49.025,08",-,SOLAR DISAPPROVAL
GT1-5K-D,RV,RV01,"INVERSOR ON-GRID MONOFASICO 2MPPT, 220V, COR BRANCO, LIVOLTEK, MODELO GT1-5K-D",UN,10102,16,6,-,6,"14.409,45",-,SOLAR SCRAPPED
GT1-5K-D,RV,RV01,"INVERSOR ON-GRID MONOFASICO 2MPPT, 220V, COR BRANCO, LIVOLTEK, MODELO GT1-5K-D",UN,10102,60,26,-,26,"73.264,05",-,SAC
GT1-5KD1R11001,RV,RV01,INVERSOR ON-GRID LIVOLTEK GT1-5KD1,UN,10102,8,129,-,129,"31.048,60",-,LIVOLTEK - WARRANTY
GT1-5KD1R11001,RV,RV01,INVERSOR ON-GRID LIVOLTEK GT1-5KD1,UN,10102,16,1,-,1,"240,69",-,SOLAR SCRAPPED
GT1-5KD1R11001,RV,RV01,INVERSOR ON-GRID LIVOLTEK GT1-5KD1,UN,10102,60,6,-,6,"10.657,99",-,SAC
GT1-5KD2R11008,RV,RV01,INVERSOR ON-GRID MONOFASICO GT1-5KD2 220V AFCI,UN,10102,12,5,-,5,"15.792,74",-,SOLAR DISAPPROVAL
GT1-5KD2R11008,RV,RV01,INVERSOR ON-GRID MONOFASICO GT1-5KD2 220V AFCI,UN,10102,60,8,-,8,"41.877,64",-,SAC
GT1-6K -DS,RV,RV01,INVERSOR FOTOVOLTAICO GT1-6K-DS,UN,10102,8,1,-,1,"2.687,20",-,LIVOLTEK - WARRANTY
GT1-6K -DS,RV,RV01,INVERSOR FOTOVOLTAICO GT1-6K-DS,UN,10102,12,287,-,287,"832.568,55",-,SOLAR DISAPPROVAL
GT1-6K -DS,RV,RV01,INVERSOR FOTOVOLTAICO GT1-6K-DS,UN,10102,16,30,-,30,"79.632,13",-,SOLAR SCRAPPED
GT1-6K -DS,RV,RV01,INVERSOR FOTOVOLTAICO GT1-6K-DS,UN,10102,60,88,-,88,"288.279,08",-,SAC
GT1-6K-D,RV,RV01,"INVERSOR ON-GRID MONOFASICO 2MPPT, 220V, COR BRANCO, LIVOLTEK, MODELO GT1-6K-D",UN,10102,8,3,-,3,"8.837,61",-,LIVOLTEK - WARRANTY
GT1-6K-D,RV,RV01,"INVERSOR ON-GRID MONOFASICO 2MPPT, 220V, COR BRANCO, LIVOLTEK, MODELO GT1-6K-D",UN,10102,12,189,-,189,"606.503,80",-,SOLAR DISAPPROVAL
GT1-6K-D,RV,RV01,"INVERSOR ON-GRID MONOFASICO 2MPPT, 220V, COR BRANCO, LIVOLTEK, MODELO GT1-6K-D",UN,10102,16,37,-,37,"108.075,47",-,SOLAR SCRAPPED
GT1-6K-D,RV,RV01,"INVERSOR ON-GRID MONOFASICO 2MPPT, 220V, COR BRANCO, LIVOLTEK, MODELO GT1-6K-D",UN,10102,60,188,-,188,"611.360,13",-,SAC
GT1-6KD1R11001,RV,RV01,INVERSOR FOTOVOLTAICO MODELO GT1-6KD1,UN,10102,12,119,-,119,"242.104,76",-,SOLAR DISAPPROVAL
GT1-6KD1R11001,RV,RV01,INVERSOR FOTOVOLTAICO MODELO GT1-6KD1,UN,10102,16,27,-,27,"52.203,70",-,SOLAR SCRAPPED
GT1-6KD1R11001,RV,RV01,INVERSOR FOTOVOLTAICO MODELO GT1-6KD1,UN,10102,60,112,-,112,"242.302,51",-,SAC
GT1-6KD2R11008,RV,RV01,INVERSORES PARA SISTEMAS FOTOVOLTAICOS GT1-6KD2R11008,UN,10102,7,22,3,19,"26.972,11","3.678,02",LIVOLTEK - VENDAS
GT1-6KD2R11008,RV,RV01,INVERSORES PARA SISTEMAS FOTOVOLTAICOS GT1-6KD2R11008,UN,10102,12,11,-,11,"46.286,84",-,SOLAR DISAPPROVAL
GT1-6KD2R11008,RV,RV01,INVERSORES PARA SISTEMAS FOTOVOLTAICOS GT1-6KD2R11008,UN,10102,16,1,-,1,"4.128,05",-,SOLAR SCRAPPED
GT1-6KD2R11008,RV,RV01,INVERSORES PARA SISTEMAS FOTOVOLTAICOS GT1-6KD2R11008,UN,10102,60,9,-,9,"45.057,10",-,SAC
GT1-7K5T2R11002,RV,RV01,INVERSOR ON-GRID MONOFASICO GT1-7K5T2R11002 (GT1-7K5T2R11002),UN,10102,4,16,-,16,"45.519,46",-,EXPEDICAO
GT1-7K5T2R11002,RV,RV01,INVERSOR ON-GRID MONOFASICO GT1-7K5T2R11002 (GT1-7K5T2R11002),UN,10102,7,166,1,165,"472.264,24","2.844,97",LIVOLTEK - VENDAS
GT1-7K5T2R11002,RV,RV01,INVERSOR ON-GRID MONOFASICO GT1-7K5T2R11002 (GT1-7K5T2R11002),UN,10102,12,1,-,1,"7.348,86",-,SOLAR DISAPPROVAL
GT1-7K5T2R11002,RV,RV01,INVERSOR ON-GRID MONOFASICO GT1-7K5T2R11002 (GT1-7K5T2R11002),UN,10102,16,3,-,3,"22.046,58",-,SOLAR SCRAPPED
GT1-7K5T2R11002,RV,RV01,INVERSOR ON-GRID MONOFASICO GT1-7K5T2R11002 (GT1-7K5T2R11002),UN,10102,60,3,-,3,"22.046,58",-,SAC
GT1-8K-D,RV,RV01,INVERSOR FOTOVOLTAICO GT1-8K-D,UN,10102,12,129,-,129,"350.424,22",-,SOLAR DISAPPROVAL
GT1-8K-D,RV,RV01,INVERSOR FOTOVOLTAICO GT1-8K-D,UN,10102,16,44,-,44,"118.114,61",-,SOLAR SCRAPPED
GT1-8K-D,RV,RV01,INVERSOR FOTOVOLTAICO GT1-8K-D,UN,10102,60,109,-,109,"297.350,32",-,SAC
GT1-8KT1R11001,RV,RV01,INVERSOR FOTOVOLTAICO MODELO GT1-8KT1,UN,10102,8,1,-,1,"2.378,44",-,LIVOLTEK - WARRANTY
GT1-8KT1R11001,RV,RV01,INVERSOR FOTOVOLTAICO MODELO GT1-8KT1,UN,10102,12,70,-,70,"199.148,93",-,SOLAR DISAPPROVAL
GT1-8KT1R11001,RV,RV01,INVERSOR FOTOVOLTAICO MODELO GT1-8KT1,UN,10102,16,34,-,34,"93.287,51",-,SOLAR SCRAPPED
GT1-8KT1R11001,RV,RV01,INVERSOR FOTOVOLTAICO MODELO GT1-8KT1,UN,10102,60,79,-,79,"219.299,58",-,SAC
GT1-8KT2R11003,RV,RV01,INVERSORES PARA SISTEMAS FOTOVOLTAICOS GT1- 8KT2R11003,UN,10102,12,2,-,2,"10.804,09",-,SOLAR DISAPPROVAL
GT1-8KT2R11003,RV,RV01,INVERSORES PARA SISTEMAS FOTOVOLTAICOS GT1- 8KT2R11003,UN,10102,16,1,-,1,"5.394,41",-,SOLAR SCRAPPED
GT1-8KT2R11003,RV,RV01,INVERSORES PARA SISTEMAS FOTOVOLTAICOS GT1- 8KT2R11003,UN,10102,60,3,-,3,"15.831,95",-,SAC
GT1-8KT2R11004,RV,RV01,INVERSORES PARA SISTEMAS FOTOVOLTAICOS ON-GRID GT1-8KT2R11004,UN,10102,8,4,-,4,"20.188,10",-,LIVOLTEK - WARRANTY
GT1-8KT2R11004,RV,RV01,INVERSORES PARA SISTEMAS FOTOVOLTAICOS ON-GRID GT1-8KT2R11004,UN,10102,12,1,-,1,"5.243,86",-,SOLAR DISAPPROVAL
GT1-8KT2R11004,RV,RV01,INVERSORES PARA SISTEMAS FOTOVOLTAICOS ON-GRID GT1-8KT2R11004,UN,10102,60,4,-,4,"20.975,46",-,SAC
GT3-100K-1R11002,RV,RV01,INVERSOR ON-GRID TRIFASICO GT3 -100K-1 380V AFCI,UN,10102,7,18,-,18,"238.678,52",-,LIVOLTEK - VENDAS
GT3-110K-1R11002,RV,RV01,INVERSOR ON-GRID TRIFASICO GT3 -110K-1 380V AFCI,UN,10102,7,22,-,22,"291.718,20",-,LIVOLTEK - VENDAS
GT3-125K-1R11002,RV,RV01,INVERSOR ON-GRID TRIFASICO GT3 -125K-1 380V AFCI,UN,10102,7,17,-,17,"226.209,06",-,LIVOLTEK - VENDAS
GT3-125K-1R11002,RV,RV01,INVERSOR ON-GRID TRIFASICO GT3 -125K-1 380V AFCI,UN,10102,12,2,-,2,"26.612,83",-,SOLAR DISAPPROVAL
GT3-125K-1R11101,RV,RV01,"LIVOLTEK, GRID-TIED INVERTER, 380VAC, 125KW, 10MPPT,SHELL MACHINE",UN,10102,12,4,-,4,"14.332,02",-,SOLAR DISAPPROVAL
GT3-12KD1R11001,RV,RV01,INVERSOR TRIFASICO 380V ON-GRID GT3-12KD1,UN,10102,8,4,-,4,"9.416,00",-,LIVOLTEK - WARRANTY
GT3-15KD1R11001,RV,RV01,INVERSOR FOTOVOLTAICO MODELO GT3-15KD1,UN,10102,7,160,-,160,"316.542,43",-,LIVOLTEK - VENDAS
GT3-15KD1R11001,RV,RV01,INVERSOR FOTOVOLTAICO MODELO GT3-15KD1,UN,10102,12,1,-,1,"3.835,48",-,SOLAR DISAPPROVAL
GT3-15KD1R11008,RV,RV01,INVERSORES PARA SISTEMAS FOTOVOLTAICOS GT3-15KD1R11008,UN,10102,4,2,-,2,"6.641,26",-,EXPEDICAO
GT3-15KD1R11008,RV,RV01,INVERSORES PARA SISTEMAS FOTOVOLTAICOS GT3-15KD1R11008,UN,10102,7,79,1,78,"262.329,77","3.320,63",LIVOLTEK - VENDAS
GT3-15KTL1R11002,RV,RV01,INVERSOR TRIFASICO 220V ON-GRID GT3-15KTL1 AFCI,UN,10102,60,1,-,1,"16.743,46",-,SAC
GT3-20KD1R11001,RV,RV01,INVERSOR FOTOVOLTAICO MODELO GT3 -20KD1,UN,10102,7,63,-,63,"216.193,04",-,LIVOLTEK - VENDAS
GT3-20KD1R11001,RV,RV01,INVERSOR FOTOVOLTAICO MODELO GT3 -20KD1,UN,10102,12,2,-,2,"8.335,08",-,SOLAR DISAPPROVAL
GT3-20KD1R11001,RV,RV01,INVERSOR FOTOVOLTAICO MODELO GT3 -20KD1,UN,10102,60,1,-,1,"4.445,97",-,SAC
GT3-20KD1R11008,RV,RV01,INVERSORES PARA SISTEMAS FOTOVOLTAICOS ON-GRID GT3-20KD1R11008,UN,10102,4,3,-,3,"12.637,49",-,EXPEDICAO
GT3-20KD1R11008,RV,RV01,INVERSORES PARA SISTEMAS FOTOVOLTAICOS ON-GRID GT3-20KD1R11008,UN,10102,7,36,-,36,"151.649,91",-,LIVOLTEK - VENDAS
GT3-20KTL1R11002,RV,RV01,INVERSOR TRIFASICO 220V ON-GRID GT3-20KTL1 AFCI,UN,10102,7,9,-,9,"49.642,73",-,LIVOLTEK - VENDAS
GT3-22K-DW00101,MP,AN01,INVERSOR FOTOVOLTAICO MODELO GT3-22K-D,UN,10102,7,4,-,4,"40.558,50",-,LIVOLTEK - VENDAS
GT3-25K-D,RV,RV01,"INVERSOR ON-GRID TRIFASICO 2MPPT, 380V, COR BRANCO, LIVOLTEK, MODELO GT3-25K-D",UN,10102,60,1,-,1,"7.545,04",-,SAC
GT3-25K-DW00101,MP,MP07,"INVERSOR ON-GRID TRIFASICO 2MPPT, 380V, COR BRANCO, LIVOLTEK, MODELO GT3-25K-D",UN,10102,7,9,-,9,"27.592,16",-,LIVOLTEK - VENDAS
GT3-25KD1R11001,RV,RV01,INVERSOR ON-GRID LIVOLTEK GT3-25KD1.,UN,10102,7,20,-,20,"45.950,18",-,LIVOLTEK - VENDAS
GT3-25KD1R11001,RV,RV01,INVERSOR ON-GRID LIVOLTEK GT3-25KD1.,UN,10102,8,10,-,10,"38.921,92",-,LIVOLTEK - WARRANTY
GT3-25KD1R11001,RV,RV01,INVERSOR ON-GRID LIVOLTEK GT3-25KD1.,UN,10102,12,1,-,1,"3.243,07",-,SOLAR DISAPPROVAL
GT3-25KD1R11001,RV,RV01,INVERSOR ON-GRID LIVOLTEK GT3-25KD1.,UN,10102,60,7,-,7,"32.089,97",-,SAC
GT3-25KD1R11008,RV,RV01,INVERSORES PARA SISTEMAS FOTOVOLTAICOS ON-GRID GT3 - 25KD1R11008,UN,10102,7,51,-,51,"205.958,71",-,LIVOLTEK - VENDAS
GT3-25KD1R11008,RV,RV01,INVERSORES PARA SISTEMAS FOTOVOLTAICOS ON-GRID GT3 - 25KD1R11008,UN,10102,8,1,-,1,"4.038,41",-,LIVOLTEK - WARRANTY
GT3-25KD1R11008,RV,RV01,INVERSORES PARA SISTEMAS FOTOVOLTAICOS ON-GRID GT3 - 25KD1R11008,UN,10102,12,6,-,6,"44.020,63",-,SOLAR DISAPPROVAL
GT3-30K-D,RV,RV01,"INVERSOR ON-GRID TRIFASICO 2MPPT, 380V, COR BRANCO, LIVOLTEK, MODELO GT3-30K-D",UN,10102,8,12,-,12,"101.883,06",-,LIVOLTEK - WARRANTY
GT3-30K-D,RV,RV01,"INVERSOR ON-GRID TRIFASICO 2MPPT, 380V, COR BRANCO, LIVOLTEK, MODELO GT3-30K-D",UN,10102,12,1,-,1,"8.490,25",-,SOLAR DISAPPROVAL
GT3-30K-D,RV,RV01,"INVERSOR ON-GRID TRIFASICO 2MPPT, 380V, COR BRANCO, LIVOLTEK, MODELO GT3-30K-D",UN,10102,60,2,-,2,"27.176,57",-,SAC
GT3-30KD1R11002,RV,RV01,INVERSOR ON-GRID TRIFASICO 30KW 220V 3 MPPT AFCI - GT3-30KTL1-2,UN,10102,60,1,-,1,"14.492,00",-,SAC
GT3-30KQL1R11002,RV,RV01,INVERSOR TRIFASICO 220V ON-GRID GT3-30KQL1 AFCI,UN,10102,7,1,-,1,"7.609,04",-,LIVOLTEK - VENDAS
GT3-37K5Q1R11002,RV,RV01,INVERSOR TRIFASICO 380V ON-GRID GT3-37K5Q AFCI,UN,10102,4,2,-,2,"13.965,72",-,EXPEDICAO
GT3-37K5Q1R11002,RV,RV01,INVERSOR TRIFASICO 380V ON-GRID GT3-37K5Q AFCI,UN,10102,7,131,-,131,"914.754,91",-,LIVOLTEK - VENDAS
GT3-37K5T1R11002,RV,RV01,"INVERSOR ON-GRID TRIFASICO 37,5KW 380V 3 MPPT AFCI - GT3-37K5T1",UN,10102,7,3,-,3,"13.061,02",-,LIVOLTEK - VENDAS
GT3-50KD,RV,RV01,INVERSOR FOTOVOLTAICO MODELO GT3-50K-D,UN,10102,8,1,-,1,"9.267,01",-,LIVOLTEK - WARRANTY
GT3-50KQ1R11002,RV,RV01,INVERSOR TRIFASICO 380V ON-GRID GT3-50KQ1 AFCI,UN,10102,7,5,-,5,"33.382,15",-,LIVOLTEK - VENDAS
GT3-60KL11R11002,RV,RV01,INVERSOR ON-GRID TRIFASICO 60KW 220V 6 MPPT AFCI - GT3-60KL11-2,UN,10102,7,22,-,22,"276.065,01",-,LIVOLTEK - VENDAS
GT3-60KQ1R11002,RV,RV01,INVERSOR TRIFASICO 380V ON-GRID GT3-60KQ1 AFCI,UN,10102,7,14,-,14,"92.009,50",-,LIVOLTEK - VENDAS
GT3-60KW00101,MP,MP07,"INVERSOR ON-GRID TRIFASICO 4MPPT, 380V, COR BRANCO, LIVOLTEK, MODELO GT3-60K",UN,10102,7,3,-,3,"113.623,96",-,LIVOLTEK - VENDAS
GT3-60KW00101,MP,MP07,"INVERSOR ON-GRID TRIFASICO 4MPPT, 380V, COR BRANCO, LIVOLTEK, MODELO GT3-60K",UN,10102,12,1,-,1,"39.759,35",-,SOLAR DISAPPROVAL
GT3-75K-11R11002,RV,RV01,INVERSOR ON-GRID TRIFASICO 75KW 380V 6 MPPT AFCI - GT3-75K-11-2,UN,10102,7,96,-,96,"1.202.926,56",-,LIVOLTEK - VENDAS
GT3-75KL11R11002,RV,RV01,INVERSOR ON-GRID TRIFASICO 75KW 220V 6 MPPT AFCI - GT3-75KL11-2,UN,10102,7,76,-,76,"932.217,32",-,LIVOLTEK - VENDAS
GT3-75KL1R11002,RV,RV01,INVERSOR ON-GRID TRIFASICO GT3 -75KL1 220V AFCI,UN,10102,7,1,-,1,"20.505,56",-,LIVOLTEK - VENDAS
HP1-1K5L2R11001,RV,RV01,"INVERSOR HIBRIDO MONOFASICO 1,5KW 127V 1 MPPT AFCI -HP1-1K5L2",UN,10102,7,118,-,118,"332.069,35",-,LIVOLTEK - VENDAS
HP1-1K5S2R11001,RV,RV01,"INVERSOR HIBRIDO MONOFASICO 1,5KW 220V 1 MPPT AFCI - HP1-1K5S2",UN,10102,7,279,-,279,"487.131,63",-,LIVOLTEK - VENDAS
HP1-3KL2R11001,RV,RV01,INVERSOR HIBRIDO MONOFASICO 3KW 127V 2 MPPT AFCI -HP1-3KL2,UN,10102,7,3,-,3,"8.770,67",-,LIVOLTEK - VENDAS
HP1-3KS2R11001,RV,RV01,INVERSORES PARA SISTEMAS FOTOVOLTAICOS HIBRIDO MONOFASICO 3KW 127V 2 MPPT AFCI,UN,10102,7,16,-,16,"44.609,17",-,LIVOLTEK - VENDAS
HP1-7K5S2MR11001,RV,RV01,"INVERSORES PARA SISTEMAS FOTOVOLTAICOS HIBRIDO MONOFASICO 7,5KW 220V 2 MPPT AFCI - HP1-7K5S2M",UN,10102,7,11,-,11,"49.949,03",-,LIVOLTEK - VENDAS
HP3-25KT2R11002,RV,RV01,INVERSOR HIBRIDO TRIFASICO HP3 -25KT2 380V AFCI,UN,10102,7,2,-,2,"11.883,17",-,LIVOLTEK - VENDAS
HXB8021Z.R310(1P3W),MP,MP08,PLACA DE CIRCUITO IMPRESSO C/ COMPONENTES ELET. MONTADOS P/ MEDID. DE ENERGIA ELETRICA ZEUS NG 8021 1P3W C/ SU CIU RELE,UN,10102,1,288,-,288,"118.092,33",-,ARMAZEM PADRAO
HXCB10R02101,RV,RV01,DC STRING BOX HXCB10-1/1 1000V 40A WITHOUT MCB,UN,10102,7,77,-,77,"14.753,22",-,LIVOLTEK - VENDAS
HXCB10R02102,MP,MP07,DC STRING BOX HXCB10-2/2 1000V 40A WITHOUT MCB,UN,10102,7,178,-,178,"40.342,03",-,LIVOLTEK - VENDAS
HXCB10R02103,MP,MP07,DC STRING BOX HXCB06-1/1 600V 40A WITHOUT MCB,UN,10102,7,171,-,171,"27.970,15",-,LIVOLTEK - VENDAS
HXCB10R02104,MP,MP07,DC STRING BOX HXCB06-2/2 600V 40A WITHOUT MCB,UN,10102,7,334,-,334,"72.289,06",-,LIVOLTEK - VENDAS
HXCB20R02001,RV,RV01,AC STRING BOX HXDB20-2P 20A,UN,10102,7,54,-,54,"7.328,14",-,LIVOLTEK - VENDAS
HXCB20R02002,RV,RV01,AC STRING BOX HXDB40-2P 40A,UN,10102,7,256,-,256,"39.986,30",-,LIVOLTEK - VENDAS
HXCB20R02003,RV,RV01,AC STRING BOX HXDB63-2P 63A,UN,10102,7,131,-,131,"21.664,30",-,LIVOLTEK - VENDAS
HXCB20R02101,RV,RV01,AC STRING BOX HXDB50-3P 50A,UN,10102,7,222,-,222,"42.209,70",-,LIVOLTEK - VENDAS
HXCB20R02101,RV,RV01,AC STRING BOX HXDB50-3P 50A,UN,10102,8,3,-,3,"703,86",-,LIVOLTEK - WARRANTY
HXD811-38 (61616),MP,MP08,CHAVE TRIFASICA HXD811 38KV/800A INTERRUP. A VACUO E ATUADOR MAGNETICO,UN,10102,36,1,-,1,"30.024,28",-,P&D
HXD822.R210,MP,MP07,MODULO DE COMUNICACAO GATEWAY - BIFROST.CG-G2 HXD822 - (HXD822.R210),UN,10102,1,2,-,2,-,-,ARMAZEM PADRAO
HXEDE081R10001,RV,RV01,MONITOR DE ENERGIA ELETRICA HXEDE081,UN,10102,7,5,-,5,"4.242,18",-,LIVOLTEK - VENDAS
HXEM100.R100,RV,PV01,IEMS 2000 HXEM100,UN,10102,8,1,-,1,"123,94",-,LIVOLTEK - WARRANTY
HXEM100R10003,RV,RV01,GERENCIADOR DE ARMAZENAMENTO DE ENERGIA IEMS 2000 HXEM100,UN,10102,7,19,-,19,"747.476,72",-,LIVOLTEK - VENDAS
HXEM100R10003,RV,RV01,GERENCIADOR DE ARMAZENAMENTO DE ENERGIA IEMS 2000 HXEM100,UN,10102,24,5,-,5,"196.704,40",-,ESTOQUE EM TRANSITO
HYPER-3000R11001,MP,RV01,"HYPER-3000 - INVERSOR FOTOVOLTAICO DA MARCA LIVOLTEK, MODELO HYPER-3000 MONOFASICO",UN,10102,8,4,-,4,"39.273,50",-,LIVOLTEK - WARRANTY
HYPER-5000R12000,RV,RV01,"HYPER-5000 - INVERSOR FOTOVOLTAICO DA MARCA LIVOLTEK, MODELO HYPER-5000 MONOFASICO",UN,10102,8,2,-,2,"14.989,51",-,LIVOLTEK - WARRANTY
HYPER-5000R12000,RV,RV01,"HYPER-5000 - INVERSOR FOTOVOLTAICO DA MARCA LIVOLTEK, MODELO HYPER-5000 MONOFASICO",UN,10102,12,1,-,1,"7.494,75",-,SOLAR DISAPPROVAL
HYPER-5000R12001,MP,RV01,"HYPER-5000 - INVERSOR FOTOVOLTAICO DA MARCA LIVOLTEK, MODELO HYPER-5000 MONOFASICO",UN,10102,8,1,-,1,"4.904,24",-,LIVOLTEK - WARRANTY
HYPER-5000R12001,MP,RV01,"HYPER-5000 - INVERSOR FOTOVOLTAICO DA MARCA LIVOLTEK, MODELO HYPER-5000 MONOFASICO",UN,10102,12,3,-,3,"14.712,74",-,SOLAR DISAPPROVAL
HYPER-5000R31005,RV,RV01,"INVERSORES PARA SISTEMAS FOTOVOLTAICOS, TIPO STRING, PARA REDE MONOFASICA, COM POTENCIA NOMINAL DE SAIDA DE 5.000W",UN,10102,12,3,-,3,"13.306,89",-,SOLAR DISAPPROVAL
HYPER-5000R31005,RV,RV01,"INVERSORES PARA SISTEMAS FOTOVOLTAICOS, TIPO STRING, PARA REDE MONOFASICA, COM POTENCIA NOMINAL DE SAIDA DE 5.000W",UN,10102,60,2,-,2,"8.446,54",-,SAC
JKM555M-72HL4,RV,RV01,MODULO SOLAR FOTOVOLTAICO JINKO TIGER PRO 72HC 555WP P-TYPE MONOFACIAL (JKM555M-72HL4-V),UN,10102,7,154,-,154,"58.905,00",-,LIVOLTEK - VENDAS
JKM555M-72HL4,RV,RV01,MODULO SOLAR FOTOVOLTAICO JINKO TIGER PRO 72HC 555WP P-TYPE MONOFACIAL (JKM555M-72HL4-V),UN,10102,16,2,-,2,765,-,SOLAR SCRAPPED
LHE12DRR12001,RV,RV01,MEDIDOR INTELIGENTE (CONTADOR DE ELETRICIDADE) LHE12DR (LHE12DRR12001),UN,10102,7,22,-,22,"6.792,17",-,LIVOLTEK - VENDAS
LHE34DRR11001,RV,RV01,"MEDIDOR DE ENERGIA (CONTADOR DE ELETRICIDADE) TRIFASICO, DIGITAL, LHE34DRR11001.",UN,10102,7,239,-,239,"23.118,06",-,LIVOLTEK - VENDAS
LHE34DRR12008,MP,MP08,CONTADOR DE ELETRICIDADE INDIRETO TRIF. PARA INSTALACAO EM TRILHO MEDICAO COM TC DE 10A (LHE34DRR12008),UN,10102,7,30,-,30,"7.072,22",-,LIVOLTEK - VENDAS
LHPE72JR11001,MP,MP08,MEDIDOR ELETRONICO TRIFASICO DE ENERGIA LHPE72J 220 V ATE 10000 IMP/KWH,UN,10102,7,4,-,4,"1.631,06",-,LIVOLTEK - VENDAS
M1201000E2EYR11001,RV,RV01,CARREGADOR VEICULAR | LIVOLTEK | CC 120KW | MF | 250A | 2XCCS2 | GESTAO DE CABOS | MCCB/RCD,UN,10102,7,2,-,2,"92.024,85",-,LIVOLTEK - VENDAS
PCS-125KG1R21001,MP,MP08,CONVERSOR 125KW 125KW 380VCA IP66 EFICIENCIA ATE 99% OPERACAO -30°C A 60°C,UN,10102,7,16,-,16,"291.654,25",-,LIVOLTEK - VENDAS
PSD1000R11001,RV,RV01,MODULO DE COMUNICACAO PARA TRANSMISSAO E RECEPCAO DE DADOS EM REDES SEM FIO (WLAN) PSD1000R11001,UN,10102,7,49,-,49,"5.956,69",-,LIVOLTEK - VENDAS
PSD200R21001,RV,RV01,"MODULO WLAN - WIFI + BLUETOOTH, 2.4GHZ 802.11B/G/N. TENSAO DE FUNCIONAMENTO 5V - (PSD200-F1)",UN,10102,7,13,-,13,"744,18",-,LIVOLTEK - VENDAS
QNM182-HS555-72,RV,RV01,MODULO SOLAR QNM182-HS555-72,UN,10102,7,2,-,2,"677,72",-,LIVOLTEK - VENDAS
RS6-555M-E3,RV,RV01,MODULO SOLAR FOTOVOLTAICO RENESOLA 555WP P-TYPE MONOFACIAL (RS6- 555M-E3,UN,10102,7,82,-,82,"29.419,97",-,LIVOLTEK - VENDAS
RS6-555M-E3,RV,RV01,MODULO SOLAR FOTOVOLTAICO RENESOLA 555WP P-TYPE MONOFACIAL (RS6- 555M-E3,UN,10102,16,7,-,7,"2.511,46",-,SOLAR SCRAPPED
SWC-G1R11001,MP,MP08,PLACA ELETRONICA PARA CONTROLE E COMUTACAO AUTOMATICA ATS SWC-G1R11001,UN,10102,7,1,-,1,"9.040,54",-,LIVOLTEK - VENDAS
TSR21004,MP,MP03,CABINE TSR21004 CABINE DE SECCIONAMENTO 1000A 380 400V,UN,10102,7,6,-,6,"245.443,98",-,LIVOLTEK - VENDAS